feed_id,item_id,item_key
pokemondb,https://pokemondb.net/news/349/new-abilities-legends-z-a-megas-pokemon-champions-release-date,https://pokemondb.net/news/349/new-abilities-legends-z-a-megas-pokemon-champions-release-date
pokemondb,https://pokemondb.net/news/348/new-games-pokemon-winds-pokemon-waves-announced,https://pokemondb.net/news/348/new-games-pokemon-winds-pokemon-waves-announced
pokemondb,https://pokemondb.net/news/347/pokemon-firered-leafgreen-switch-pokemon-presents-upcoming,https://pokemondb.net/news/347/pokemon-firered-leafgreen-switch-pokemon-presents-upcoming
pokemondb,https://pokemondb.net/news/346/alpha-charizard-distribution-announced-in-dlc-launch-trailer,https://pokemondb.net/news/346/alpha-charizard-distribution-announced-in-dlc-launch-trailer
pokemondb,https://pokemondb.net/news/345/mega-lucario-z-revealed-legends-z-a-dlc,https://pokemondb.net/news/345/mega-lucario-z-revealed-legends-z-a-dlc
pokemondb,https://pokemondb.net/news/344/mega-zeraora-revealed,https://pokemondb.net/news/344/mega-zeraora-revealed
pokemondb,https://pokemondb.net/news/343/mega-chimecho-mega-baxcalibur-trailers-mega-dimension-dlc,https://pokemondb.net/news/343/mega-chimecho-mega-baxcalibur-trailers-mega-dimension-dlc
pokemondb,https://pokemondb.net/news/342/mega-evolutions-raichu-original-kalos-starters-announced,https://pokemondb.net/news/342/mega-evolutions-raichu-original-kalos-starters-announced
pokemondb,https://pokemondb.net/news/341/new-game-pokemon-pokopia-revealed-in-nintendo-direct,https://pokemondb.net/news/341/new-game-pokemon-pokopia-revealed-in-nintendo-direct
pokemondb,https://pokemondb.net/news/340/mega-malamar-revealed-in-news-report,https://pokemondb.net/news/340/mega-malamar-revealed-in-news-report
pokemondb,https://pokemondb.net/news/339/mega-hawlucha-revealed-in-new-trailer,https://pokemondb.net/news/339/mega-hawlucha-revealed-in-new-trailer
pokemondb,https://pokemondb.net/news/338/mega-victreebel-revealed-in-spooky-trailer,https://pokemondb.net/news/338/mega-victreebel-revealed-in-spooky-trailer
pokemondb,https://pokemondb.net/news/337/z-a-battle-club-revealed-at-pokemon-world-championships,https://pokemondb.net/news/337/z-a-battle-club-revealed-at-pokemon-world-championships
pokemondb,https://pokemondb.net/news/336/pokemon-presents-reveals-mega-dragonite-other-features,https://pokemondb.net/news/336/pokemon-presents-reveals-mega-dragonite-other-features
pokemondb,https://pokemondb.net/news/335/z-a-royale-tournament-revealed-legends-z-a,https://pokemondb.net/news/335/z-a-royale-tournament-revealed-legends-z-a
pokemondb,https://pokemondb.net/news/334/pokemon-presents-more-details-legends-z-a-new-battle-game,https://pokemondb.net/news/334/pokemon-presents-more-details-legends-z-a-new-battle-game
pokemondb,https://pokemondb.net/news/333/generation-8-pokemon-dynamax-coming-to-pokemon-go,https://pokemondb.net/news/333/generation-8-pokemon-dynamax-coming-to-pokemon-go
pokemondb,https://pokemondb.net/news/332/pokemon-presents-reveals-new-game-pokemon-legends-z-a,https://pokemondb.net/news/332/pokemon-presents-reveals-new-game-pokemon-legends-z-a
pokemondb,https://pokemondb.net/news/331/new-mythical-pokemon-pecharunt-officially-revealed,https://pokemondb.net/news/331/new-mythical-pokemon-pecharunt-officially-revealed
pokemondb,https://pokemondb.net/news/330/epilogue-scarlet-violet-dlc-announced,https://pokemondb.net/news/330/epilogue-scarlet-violet-dlc-announced
pokemondb,https://pokemondb.net/news/329/indigo-disk-dlc-scarlet-violet-has-been-released,https://pokemondb.net/news/329/indigo-disk-dlc-scarlet-violet-has-been-released
pokemondb,https://pokemondb.net/news/328/final-trailer-indigo-disk-released,https://pokemondb.net/news/328/final-trailer-indigo-disk-released
pokemondb,https://pokemondb.net/news/327/teal-mask-dlc-scarlet-violet-has-been-released,https://pokemondb.net/news/327/teal-mask-dlc-scarlet-violet-has-been-released
pokemondb,https://pokemondb.net/news/326/new-pokemon-poltchageist-revealed-in-new-teaser,https://pokemondb.net/news/326/new-pokemon-poltchageist-revealed-in-new-teaser
pokemondb,https://pokemondb.net/news/325/new-trailer-at-world-vgc-reveals-new-moves-paradox-types,https://pokemondb.net/news/325/new-trailer-at-world-vgc-reveals-new-moves-paradox-types
ocketmonsters,https://www.pocketmonsters.net/news/9135,https://www.pocketmonsters.net/news/9135
ocketmonsters,https://www.pocketmonsters.net/news/9134,https://www.pocketmonsters.net/news/9134
ocketmonsters,https://www.pocketmonsters.net/news/9133,https://www.pocketmonsters.net/news/9133
ocketmonsters,https://www.pocketmonsters.net/news/9132,https://www.pocketmonsters.net/news/9132
ocketmonsters,https://www.pocketmonsters.net/news/9131,https://www.pocketmonsters.net/news/9131
ocketmonsters,https://www.pocketmonsters.net/news/9130,https://www.pocketmonsters.net/news/9130
ocketmonsters,https://www.pocketmonsters.net/news/9129,https://www.pocketmonsters.net/news/9129
ocketmonsters,https://www.pocketmonsters.net/news/9127,https://www.pocketmonsters.net/news/9127
ocketmonsters,https://www.pocketmonsters.net/news/9126,https://www.pocketmonsters.net/news/9126
ocketmonsters,https://www.pocketmonsters.net/news/9123,https://www.pocketmonsters.net/news/9123
ocketmonsters,https://www.pocketmonsters.net/news/9128,https://www.pocketmonsters.net/news/9128
ocketmonsters,https://www.pocketmonsters.net/news/9122,https://www.pocketmonsters.net/news/9122
ocketmonsters,https://www.pocketmonsters.net/news/9121,https://www.pocketmonsters.net/news/9121
ocketmonsters,https://www.pocketmonsters.net/news/9120,https://www.pocketmonsters.net/news/9120
ocketmonsters,https://www.pocketmonsters.net/news/9119,https://www.pocketmonsters.net/news/9119
ocketmonsters,https://www.pocketmonsters.net/news/9118,https://www.pocketmonsters.net/news/9118
ocketmonsters,https://www.pocketmonsters.net/news/9125,https://www.pocketmonsters.net/news/9125
ocketmonsters,https://www.pocketmonsters.net/news/9117,https://www.pocketmonsters.net/news/9117
ocketmonsters,https://www.pocketmonsters.net/news/9124,https://www.pocketmonsters.net/news/9124
ocketmonsters,https://www.pocketmonsters.net/news/9116,https://www.pocketmonsters.net/news/9116
ocketmonsters,https://www.pocketmonsters.net/news/9115,https://www.pocketmonsters.net/news/9115
ocketmonsters,https://www.pocketmonsters.net/news/9114,https://www.pocketmonsters.net/news/9114
ocketmonsters,https://www.pocketmonsters.net/news/9113,https://www.pocketmonsters.net/news/9113
ocketmonsters,https://www.pocketmonsters.net/news/9112,https://www.pocketmonsters.net/news/9112
ocketmonsters,https://www.pocketmonsters.net/news/9111,https://www.pocketmonsters.net/news/9111
pokeguardian,CBMilwFBVV95cUxPbmNUVDdKSTQ4cEM5QmZLeUdHTnQtM3N4c3pibUNyQzl0ZFVtWUV4ck1GWmVDYXN5R0pjX0tZNFpjakNaVE8wZEpaZ1ZRdDAxSm9BMHkyU000QVRwXzhyOUU4b2o1dXVKZnhzUmJfVnZxUEo5bWFWdVVtTDd0TTlNc2lRT2Y1dl91dllKaTlpRzQzRnp4OGpn,cbmilwfbvv95cuxpbmnuvddkstq4cem5qmzleudhtnqtm3n4c3pibunyqzl0zfvtwuv4ck1gwmvdyxn5r0pjx0tznfpjaknave8wzepaz1zrddaxsm9bmhkyu000qvrwxzhyouu4b2o1dxvkznhzumjfvnzxueo5bwfwdvvttdd0ttlnc2lrt2y1dl91dllkatlprzqzrnp4ogpn
pokeguardian,CBMiQ0FVX3lxTE5nTEltWmVkN3pWdEU0ZklnQ1d5UWEzQ2tfMnRaZ01yXzJzS3Y0NE54UzVBUlB4amtaeng3TjA0Z0VDSzQ,cbmiq0fvx3lxte5nteltwmvkn3pwdeu0zklnq1d5uwezq2tfmnraz01yxzjzs3y0ne54uzvbulb4amtaeng3tja0z0vdszq
pokeguardian,CBMiqwFBVV95cUxPYTBGZ1Z2YkVFamRKLUFIU0ROLUJHd216NXhwdVhWNV9ZckQ0LXlMeUh3TTNLa1phV0QtREpXMTlFWWRCcXF3elkzbmN1emlPZ3Y1WHhGS3pETWstTnNjRlkzUENDWFA1TW1HV2tScXpWRDUtbjlQdGFnRWxFdDJsVlZvZE9yWEEyME5iNXBMTXUxVDE3YnMxZVNRYTNsR1RabjV5V19kX0VOVms,cbmiqwfbvv95cuxpytbgz1z2ykvfamrklufiu0rolujhd216nxhwdvhwnv9zckq0lxlmeuh3ttnla1phv0qtrepxmtlfwwrccxf3elkzbmn1emlpz3y1whhgs3petwsttnnjrlkzuendwfa1tw1hv2tscxpwrdutbjlqdgfnrwxfddjsvlzvze9yweeyme5inxbmtxuxvde3ynmxzvnrytnsr1rabjv5v19kx0vovms
pokeguardian,CBMitAFBVV95cUxPQnUwN3JZRmg2OFdsOTZsQlptUl9vdFhBS05MTHFQalRqSFFodjB0YnM1MkJQc3BlSXlBajV4QVk0bUJVMy04OG9uS3RkSTgzcUFET3NpY3FndVN2ay1rc2gyUlJVLWY5eUJGQWh5ODQxS1A3NFRuVnJ0QVVOSndid3VsZS1FRGdoSFN1S2hfeDRIU2R6MEpjWi1WS254MHFaUjc3SFR2akhXYzkzN2oyd1JsVnM,cbmitafbvv95cuxpqnuwn3jzrmg2ofdsotzsqlptul9vdfhbs05mthfqalrqsffodjb0ynm1mkjqc3blsxlbajv4qvk0bujvmy04og9us3rkstgzcufet3npy3fndvn2ay1rc2gyuljvlwy5eujgqwh5odqxs1a3nfruvnj0qvvosndid3vszs1frgdosfn1s2hfedriu2r6mepjwi1ws254mhfaujc3sfr2akhxyzkzn2oyd1jsvnm
pokeguardian,CBMinAFBVV95cUxNME5zZ0VUR3N6Z3IwZnJ6TDNBU3NPaDR3N1BxbGUyUmswdzZjazlYbnZUamhFQXF3M0lGRnZZMkpnR1hwYU1aZDRJV1NfM2JVcFd6Nkg2NVFOckttck5UeGVuYWRoQVg0UE51NTV2U3RHdTd6aVNtZDJEVmtwZmNINU0xS1RZZHlvX2N5WDdOcEdjQWNvUk42Y1VaQjM,cbminafbvv95cuxnme5zz0vur3n6z3iwznj6tdnbu3npadr3n1bxbguyumswdzzjazlybnzuamhfqxf3m0lgrnzzmkpnr1hwyu1azdrjv1nfm2jvcfd6nkg2nvfockttck5uegvuywroqvg0ue51ntv2u3rhdtd6avntzdjevmtwzmninu0xs1rzzhlvx2n5wddocedjqwnvuk42y1vaqjm
pokeguardian,CBMivgFBVV95cUxQaDVLNTZ2eG9udWxralF4eldWSEptaDVVUFdPdExrTlRJczc0cjZjWWFWXzNQcGcxNlA0LVY2aU9ORmczUkY1dG55ODM5YU9ZSnV2enltZlRrRzlYS1dySTFsVFRtaHpHSVR5TGJrbHQ1bmhTRzFxR0FwNl9SclhCMDNBdzdEc3ltM3ZNTTNxdXZmSk5sTmpGdE03aEltc3otT3pmUGFQNG9ENHZwMEpGZDc4RDFVanlnQ3Q5N1lB,cbmivgfbvv95cuxqadvlntz2eg9udwxralf4eldwseptadvvufdpdexrtlrjczc0cjzjwwfwxznqcgcxnla0lvy2au9ormczuky1dg55odm5yu9zsnv2enltzlrrrzlys1dystfsvfrtahphsvr5tgjrbhq1bmhtrzfxr0fwnl9sclhcmdnbdzdec3ltm3znttnxdxzmsk5stmpgde03aeltc3ott3pmugfqng9enhzwmepgzdc4rdfvanlnq3q5n1lb
pokeguardian,CBMivgFBVV95cUxPYWc3bTlDZXRNSnl4QjVibm1MbUp2QzhiRzc4QVFrRFRtLWlwNlhzWktGQVRwUE1vQ0xtaEZoUUhBYzc5WDhpVWFPdS1PQ0hMdC02V2FOY3llVWNOdlhLSFRKX2p3UTNyd3NxeE1GS0NvNVJnZlVnWENZUElmZDNxNVdVZ3RCeldqNHA1ZFY2UUNtZ0VpNkd2OHpHWERHeFp3WUtHUWJfQzNhRDk1VW9LUS1Tc1RQc3M1NFBjVFZn,cbmivgfbvv95cuxpywc3btldzxrnsnl4qjvibm1mbup2qzhirzc4qvfrrfrtlwlwnlhzwktgqvrwue1vq0xtaezouuhbyzc5wdhpvwfpds1pq0hmdc02v2foy3llvwnodlhlsfrkx2p3utnyd3nxee1gs0nvnvjnzlvnwenzuelmzdnxnvdvz3rceldqnha1zfy2uuntz0vpnkd2ohphwerhefp3wuthuwjfqznhrdk1vw9lus1tc1rqc3m1nfbjvfzn
pokeguardian,CBMijAFBVV95cUxNVDdMemdFZmo5a0wtUGpKUHN0Mk53WVd4LVF4ZEFOYTBsRkI0QnZrTlVMUjhHSjU0VUVyTElkb21yMXNJQzhPUjE1NVFfZ3E1VVExZlRPNlhWdy0xZ1pXVGtvZzVkeWxGVDNVNThqX29zcjdQSEpSR2Z5SHFnTkk4eHR1bllHMDZEUWE3cw,cbmijafbvv95cuxnvddmemdfzmo5a0wtugpkuhn0mk53wvd4lvf4zefoytbsrki0qnzrtlvmujhhsju0vuvytelkb21ymxnjqzhpuje1nvffz3e1vvexzlrpnlhwdy0xz1pxvgtvzzvkewxgvdnvnthqx29zcjdqsepsr2z5shfntkk4ehr1bllhmdzeuwe3cw
pokeguardian,CBMinAFBVV95cUxNekwzTmI0QklsV2t5UUo3THRJZTdDRFZsWXozRHNQVnptNDMyV3J0Y2Z6SklFWnNvN0hyemlUYkl2aHUxV0tUT1ZIX25tZms0SUR4a2NNbERDUW5aY1BvdmFQbEJrR19tTUE3c3FkTF9nZmpwbnllMUNYYWM4X0JvM20teU1LcFlDQkpVd3UxY3FEZUUzd0cxUFp0aDM,cbminafbvv95cuxnekwztmi0qklsv2t5uuo3thrjztddrfzswxozrhnqvnptndmyv3j0y2z6sklfwnnvn0hyemluykl2ahuxv0tut1zix25tzms0sur4a2nnberduw5ay1bvdmfqbejrr19ttue3c3fktf9nzmpwbnllmunyywm4x0jvm20teu1lcfldqkpvd3uxy3fezuuzd0cxufp0adm
pokeguardian,CBMihAFBVV95cUxPOF9RdEpITExLSGdDNHVmWEhZTElaUHZtTk82RUVUVjd4ZnlOakhYWXVpUFR3Mmt1SmhBX2FwMmFqdFVyUkI5Mjlqblktb3kwVkZQdVB1VmZaakg4RGFOS3B0Y1N6aE5teWJEX3ZQNWtxNHhKSTlnaW5YSVR0dEJuU09PVVA,cbmihafbvv95cuxpof9rdepitexlsgddnhvmwehztelauhzttk82ruvuvjd4znloakhywxvpufr3mmt1smhbx2fwmmfqdfvyuki5mjlqblktb3kwvkzqdvb1vmzaakg4rgfos3b0y1n6ae5tewjex3zqnwtxnhhkstlnaw5ysvr0dejuu09pvva
pokeguardian,CBMirwFBVV95cUxNNHo5RmwtYWJSUkJsZmlZVlNyQmVNMGMtY3dwNmZjQTNsd2thRkg0bGdKMHZKWUFBMXVMTTZUelhXdUM0Qy05dnBtekpmaTZ2eHBScW4zcVJlMEtBZi01bTJGajBqSXd0ZFVWS3hoY0ZXbURlRkkzc3R0VEhaUjFiaXFHb0xBd0NhM3U4NlM4UElTYmhWZksxSXhYbVpUTTE0WEtENUxjYlBBRkk2TTZB,cbmirwfbvv95cuxnnho5rmwtywjsukjszmlzvlnyqmvnmgmty3dwnmzjqtnsd2thrkg0bgdkmhzkwufbmxvmttzuelhxdum0qy05dnbtekpmatz2ehbscw4zcvjlmetbzi01btjgajbqsxd0zfvws3hoy0zxburlrkkzc3r0vehaujfiaxfhb0xbd0nhm3u4nlm4ueltymhwzksxsxhybvputte0wetenuxjylbbrkk2ttzb
pokeguardian,CBMiswFBVV95cUxOWWZjZ2g2SV9FWnZWcldtT1h6TU5RY19JMGJXeVE3Q2dtQi1pUkdmZ2RYWGRXbVA0NU1ULWVmYnhnNE1wWkszQVBGeUV1NnN2SmFMTWpYS1M4STJWMjNpbDhrY3JfemltQ3JTMnVPM3FaSGZWWmZGWXFHd3pEZm82bFdVeWNXOTE0dUxpcW5lLVNiZEVDbWp2d0tJUEpnQ1FRakc2dVNLTHdXWTlUTkJ5X1JwMA,cbmiswfbvv95cuxowwzjz2g2sv9fwnzwcldtt1h6tu5ry19jmgjxeve3q2dtqi1pukdmz2rywgrxbva0nu1ulwvmynhnne1wwkszqvbgeuv1nnn2smfmtwpys1m4stjwmjnpbdhry3jfemltq3jtmnvpm3fasgzwwmzgwxfhd3pezm82bfdvewnxote0duxpcw5llvnizevdbwp2d0tjuepnq1frakc2dvnlthdxwtlutkj5x1jwma
pokeguardian,CBMilAFBVV95cUxNMWtMUUIyaG53TTJ4b2pJOWJqYVVpTklTY1N2MTBXTUU3N0dUVDlJZ1d0SHRGazZFVGY3TE02TFpCNHlYVUdyUHRJdVc5dDJqNElqaUpOVnB3QWFCOXctNTNWRWY0cmRSSklhSUpudFJ3cXVvb21GeE05SzF3MzNDMnJoTGhLaFdta0hfWm1CODBFWEda,cbmilafbvv95cuxnmwtmuuiyag53ttj4b2pjowjqyvvptklty1n2mtbxtuu3n0duvdljz1d0shrgazzfvgy3te02tfpcnhlyvudyuhrjdvc5ddjqnelqaupovnb3qwfcoxctntnwrwy0cmrssklhsupudfj3cxvvb21gee05szf3mzndmnjotghlafdta0hfwm1codbfweda
pokeguardian,CBMi8wFBVV95cUxPcGVsZXkxeEpWdVJ2UFM2OHdzT1I5eXZKSHQyR2swQXp5Y2FZZURHNHFlS2lwenFYd0FMWWd2eXVLQXlGWXl4aWhpRWtDV2hjaTBVRDVicTQwdXNETWVFRGpzcFpDU2xsT19HbDl2bDBWZjVBUnpyNHozWDMtbnFTVmREdjNFZkcxVHZncGltTmYxT0FwelFjYmU1OFlvMGJTUlNkSVQ2YWdTSE91WU14bC1vOUV4RzFNMkN5dUxjN0lnYXVOX1pPM09zN1d2NmJJRWQ4VDRaM1RfODJDeEpHX1B5ZWJ2dS1uOFA5ME1zbGNpcmM,cbmi8wfbvv95cuxpcgvszxkxeepwdvj2ufm2ohdzt1i5exzkshqyr2swqxp5y2fzzurhnhfls2lwenfyd0fmwwd2exvlqxlgwxl4awhprwtdv2hjatbvrdvictqwdxnetwvfrgpzcfpdu2xst19hbdl2bdbwzjvbunpynhozwdmtbnftvmredjnfzkcxvhzncglttmyxt0fwelfjymu1oflvmgjtulnksvq2ywdtse91wu14bc1vouv4rzfnmkn5duxjn0lnyxvox1ppm09zn1d2nmjjrwq4vdram1rfodjdeephx1b5zwj2ds1uofa5me1zbgnpcmm
pokeguardian,CBMijgFBVV95cUxPaE5Ta3lGcU5hRkdpbHpsUFlLMWlENFVGZjRBVVJMVGpUdGFWVUNzUXotUlZPbmpIQWE2S2M4YVRjdEtzOUpHY1FSMVpfQ214RkZoNFFYaUV1ZUZ4ZkRoVDktVk9YUU9vbnB5b2hmQ2t0NmZKY0k1c3FTTXVsQVhFZ0RNMThuMWlkV2JxT0VR,cbmijgfbvv95cuxpae5ta3lgcu5hrkdpbhpsufllmwlenfvgzjrbvvjmvgpudgfwvunzuxotulzpbmpiqwe2s2m4yvrjdetzouphy1fsmvpfq214rkzonffyauv1zuz4zkrovdktvk9yuu9vbnb5b2hmq2t0nmzky0k1c3fttxvsqvhfz0rnmthumwlkv2jxt0vr
pokeguardian,CBMijwFBVV95cUxPNnFQZ1Fob1JvczY5WkFIOXVIb3FremZfQjdnUTRSUTh3WkQ4LTlYSkN4SGZGVmpNeTNTR180RjlEbGQ0UDJkVUJOODkzOEJCU01rNENudV82aE9UY0VPbVNmWk8xOUxsX2g2VHFkeUxzWGc0ekxXS2NHcmhJUkVvZGowTDdYeUNHQWFiYjUxTQ,cbmijwfbvv95cuxpnnfqz1fob1jvczy5wkfioxvib3fremzfqjdnutrsuth3wkq4ltlyskn4sgzgvmpnetntr180rjlebgq0udjkvujoodkzoejcu01rnenudv82ae9uy0vpbvnmwk8xouxsx2g2vhfkeuxzwgc0ekxxs2nhcmhjukvvzgowtddyeunhqwfiyjuxtq
pokeguardian,CBMikgFBVV95cUxOd1o2QzZVTVQ0OW5KX1lDcmFkcWdUc2Z3VFhpS2RNYnU0SUJMQVdCdDJNTEduZ0V2d1dkdUl0UG9rYWlLRFVOemVuVXVGZ0pwR0JzMXBEaVVMaVlQMGZESmdILTYxNU9uUEFHNHZxRzBLWlR5UlUyaFlCU0lVQ1laVUtNd1VfbTZuVkZFQmtqOXJZZw,cbmikgfbvv95cuxod1o2qzzvtvq0ow5kx1ldcmfkcwduc2z3vfhps2rnynu0sujmqvdcddjnteduz0v2d1dkdul0ug9rywllrfvoemvuvxvgz0pwr0jzmxbeavvmavlqmgzesmdiltyxnu9uuefhnhzxrzblwlr5uluyaflcu0lvq1lavutnd1vfbtzuvkzfqmtqoxjzzw
pokeguardian,CBMiqgFBVV95cUxQYjdVN3ZPdW1vcHNkcV9YX3d6Qlc2YlNCSFEzc2xUN1JzNjNaeE9kZkhiNklwbGhIRzhNSm5sYTA3dE9UZy1tUVNzRjBLRW1iNzcxcWlKQkhvelJCalpPQmFkZVpwOWJuMlI4UVV2aGQ3MTVJYlBzclFuWDNmWVhKVmpvOHVqcTJWdnRBbWEwLUNGZTBoX3RRX21qVFRvakd5Sy05MkVDWmdJUQ,cbmiqgfbvv95cuxqyjdvn3zpdw1vchnkcv9yx3d6qlc2ylncsfezc2xun1jznjnaee9kzkhinklwbghirzhnsm5syta3de9uzy1tuvnzrjblrw1inzcxcwlkqkhveljcalppqmfkzvpwowjumli4uvv2agq3mtvjylbzclfuwdnmwvhkvmpvohvqctjwdnrbbwewlungztbox3rrx21qvfrvakd5sy05mkvdwmdjuq
pokeguardian,CBMijgFBVV95cUxNNTBScVVDODdidWh3OGVCektlcHZhVHJ5X3Q5NVFBOEpZdTNBdmtnUzBESHhjRHZTMjAtVnBuNWw4VEYxMkRXdDBhTXZDWlVXd3lxVnpRbUtnSW50RVBKOW42VXZnVnZjRWtjLVdFVEcxaXBMemlaMUxfWE9Ic1dOb0hoaC12Y21GSnhvNG1B,cbmijgfbvv95cuxnntbscvvdoddidwh3ogvcektlchzhvhj5x3q5nvfboepzdtnbdmtnuzbeshhjrhztmjatvnbunww4veyxmkrxddbhtxzdwlvxd3lxvnprbutnsw50rvbkow42vxznvnzjrwtjlvdfvecxaxbmemlamuxfwe9ic1dob0hoac12y21gsnhvng1b
pokeguardian,CBMikAFBVV95cUxOX0RBak4xRV9zaVlrU3Fkb1N5Umd4UTI3eWNKREN3TzlQelNRWHZ4Vk9IMjdHOF9Lal9iUEFmUVdXTTRJUjdaNmhiNXkxM2tJRDV4cjZDdWxPSW1KeWJvaTlLWDMxaFVmZUpKWlRmZmpwaUJpWHF6UkxlaVdLMERxbzFMU3hvQlNfY3MwMDVQU2k,cbmikafbvv95cuxox0rbak4xrv9zavlru3fkb1n5umd4uti3ewnkren3tzlqelnrwhz4vk9imjdhof9lal9iuefmuvdxttrjujdanmhinxkxm2tjrdv4cjzddwxpsw1kewjvatllwdmxafvmzupkwlrmzmpwaujpwhf6ukxlavdlmerxbzfmu3hvqlnfy3mwmdvqu2k
pokeguardian,CBMikgFBVV95cUxNNUxXRU1wblhjcGtVcXZpa3hUTUFJV0g5aU9DaGQ2TkhXWEFlRXhnSTRmSFVUdktQbERNRjFGSklwNWlYZXRuQ2JHdTlzODJlTXhnUC1HZExSR2YzMHZWb0JnNVZPUnpSbTI2aG10NmRyVFRQaHI5MWdZcDdEcTVpY1lHOGl0OE5ReXItM1RaMnR4dw,cbmikgfbvv95cuxnnuxxru1wblhjcgtvcxzpa3hutufjv0g5au9dagq2tkhxweflrxhnstrmsfvudktqbernrjfgsklwnwlyzxruq2jhdtlzodjltxhnuc1hzexsr2yzmhzwb0jnnvzpunpsbti2ag10nmryvfrqahi5mwdzcddectvpy1lhogl0oe5rexitm1ramnr4dw
pokeguardian,CBMigwFBVV95cUxQLXFaZ1o2UkY2YnQ5d2kzZFFFSkZNNGhaZ2FOQmJZSFFMOEcyd2t2SUR4SVRQNnVURjNGcHJYZG9UeW9JNWFNaWpkNXY1QVhIWU41UGZ5dGtNMmdhVDZyVkY4LVhteWtMbWdiWFNscUM0Z2VZNFJPd1c3ckFydGU4UGNhNA,cbmigwfbvv95cuxqlxfaz1o2uky2ynq5d2kzzfffskznnghaz2foqmjzsffmoecyd2t2sur4svrqnnvurjngchjyzg9uew9jnwfnawpknxy1qvhiwu41ugz5dgtnmmdhvdzyvky4lvhtewtmbwdiwfnscum0z2vznfjpd1c3ckfydgu4ugnhna
pokeguardian,CBMihAFBVV95cUxNdFpwOGZxOTROS0p0ZTNXcmx4a19QbjRVQ3VnN3NZNl9fUE5TYnlxNExycHV1R3FTZ0UzY2hxWjQ0TnN3dHBRSFRLbzBUZGxJUjdGNHI5VDRCXzQ5clhVWDhHeW5za0JTdWt6VzZZRDE1MG43dnI2RGtvbTZHYlJKa2cwd18,cbmihafbvv95cuxndfpwogzxotros0p0ztnxcmx4a19qbjrvq3vnn3nznl9fue5tynlxnexychv1r3ftz0uzy2hxwjq0tnn3dhbrsfrlbzbuzgxjujdgnhi5vdrcxzq5clhvwdhhew5za0jtdwt6vzzzrde1mg43dni2rgtvbtzhyljka2cwd18
pokeguardian,CBMijgFBVV95cUxPVm1BYWZMU2JzMG02cWRfdkNEaU9OOV9jSDJ6VUNXT2lTQ2RRNUV3amRpWDRER3J6aHRmdFhOV0ZjOTdqUEF1ZWJVb1pNUjYzaFJrVmtubDdDeklhOXNGMW1WQU03Nnp5bWZ4WWpjSXhEX045Ukx6M09CSEQ0cC1lQk1RUjkzMjV3OWRMMGNn,cbmijgfbvv95cuxpvm1bywzmu2jzmg02cwrfdkneau9oov9jsdj6vunxt2ltq2rrnuv3amrpwdrer3j6ahrmdfhov0zjotdquef1zwjvb1pnujyzafjrvmtubdddeklhoxngmw1wqu03nnp5bwz4wwpjsxhex045ukx6m09cseq0cc1lqk1rujkzmjv3owrmmgnn
pokeguardian,CBMikAFBVV95cUxOLVpMV2p1MDZyRkZxa0F1NXJYa0NPYWhfWEtlZjJkUmxhb0JLd3ktQnp6MnFQcXptbkZncHVIbGIyWmU2WmFfaHhTbFV3S0d5eU1UYmJPdjZtMkNGelozYW11WTBkVlhKMWR3UjJFWXd1SFp3QjJXZlUwTGVZUi1BYUhQUWs0dEJBSHFNUFlUVmQ,cbmikafbvv95cuxolvpmv2p1mdzyrkzxa0f1nxjya0npywhfwetlzjjkumxhb0jld3ktqnp6mnfqcxptbkznchvibgiywmu2wmffahhtbfv3s0d5eu1uymjpdjztmkngelozyw11wtbkvlhkmwr3ujjfwxd1sfp3qjjxzluwtgvzui1byuhquws0dejbshfnufluvmq
tcgplayer,CBMiP0FVX3lxTE5Qdkc0VU1zZ3hnNFlkNjBGdDFVQm44a3NWbHlvQ0RrZUc0NUcydUxwdTFJTjJJNDVyRkZxcDU0WQ,cbmip0fvx3lxte5qdkc0vu1zz3hnnflknjbgddfvqm44a3nwbhlvq0rrzuc0nucyduxwdtfjtjjjndvyrkzxcdu0wq
tcgplayer,CBMifEFVX3lxTE5HYVJPMWJKSy1LVkpEbWdjWVBnMWN5N3FJX1pKV1hVWGlETHNGTzJYMGRRVkltMDR0RERiam93bmRVYklkYVowY3FRQTRsRWZHUTlFcWQ1LWFIVzV2LWc2SXZ2dG5lN2hFQ0U4cjM1WEdvMjhXZ21ORjJSc2s,cbmifefvx3lxte5hyvjpmwjksy1lvkpebwdjwvbnmwn5n3fjx1pkv1hvwglethngtzjymgrrvkltmdr0reriam93bmrvyklkyvowy3frqtrsrwzhutlfcwq1lwfivzv2lwc2sxz2dg5ln2hfq0u4cjm1wedvmjhxz21orjjsc2s
tcgplayer,CBMi2AFBVV95cUxOQ1h2V3pJS0w4R0pVeDJHbVJLQUt4LWh6SS1fMzVhLUN0aUFieWp3c09LRTBfRzNXUnhINy1fQkhLREVTbHB4dlZRTEJMNG8tOEdzWTlCbGpkRUhGZXg3V1JUUlduM3N4QlhpYUoxNkRUZHEtR3FwRXRfOE80dng3RXFxd3RyRzZCWjJqMkpqOEpaX01DeE5vZGFCYXFRbFN5MG5kajVYaVlFRjZkSldrRnR6YTBJdWFPY3E0SnBVVTJqUjBidHljX2hWVURrOUxlNzYxT3hDanQ,cbmi2afbvv95cuxoq1h2v3pjs0w4r0pvedjhbvjlqut4lwh6ss1fmzvhlun0aufiewp3c09lrtbfrznxunhiny1fqkhlrevtbhb4dlzrtejmng8toedzwtlcbgpkruhgzxg3v1juuldum3n4qlhpyuoxnkruzhetr3fwrxrfoe80dng3rxfxd3ryrzzcwjjqmkpqoepax01dee5vzgfcyxfrbfn5mg5kajvyavlfrjzksldrrnr6ytbjdwfpy3e0snbvvtjqujbidhljx2hwvurrouxlnzyxt3hdanq
tcgplayer,CBMivgFBVV95cUxOQ2lhR24wMzBJVmF4QS03bzVRQlkwUlZEWC1iNXlxOXNzZjJNYXlXbnJMTG5xTzItbEJYbUxkSWoyWlFSSFRTakFLaVFFeTV6Rm5ySllfdmcyYkxacjIxczVuMDlMbERMY0pfM2VTUk5zYmhHci1yU2pCLVBhaHp4V2V1X1JYUkptWUZjUjVHQjBZZUYxd0RPdVBvamttOXBHRXBuVUx0UUNta0pDanBnRzEtWkFBMmtOQmtsc0dB,cbmivgfbvv95cuxoq2lhr24wmzbjvmf4qs03bzvrqlkwulzewc1inxlxoxnzzjjnyxlxbnjmtg5xtzitbejybuxkswoywlfssfrtakflavffetv6rm5ysllfdmcyykxacjixczvumdlmbermy0pfm2vtuk5zymhhci1yu2pclvbhahp4v2v1x1jyukptwuzjujvhqjbzzuyxd0rpdvbvamttoxbhrxbuvux0uunta0pdanbnrzetwkfbmmtoqmtsc0db
tcgplayer,CBMiiwFBVV95cUxPRm9CZS1CNlBDTWRRNU9vUXk2cXl4TFlYMEY2QmR3R3h1ODBhdWJjNkhXNXl0VkdvMkFQMXU1eVJmelVReEY2R00xcklHRkN1OC1ZRzNrVkQwaGJJN2Q5aTBRMU9pdFRzeVlvVjJ0QThsYmFTMHBnbk9fT3B5RWM0NDU4SUJpS1BnTEs4,cbmiiwfbvv95cuxprm9czs1cnlbdtwrrnu9vuxk2cxl4tflymey2qmr3r3h1odbhdwjjnkhxnxl0vkdvmkfqmxu1evjmelvreey2r00xcklhrkn1oc1zrznrvkqwagjjn2q5atbrmu9pdfrzevlvvjj0qthsymftmhbnbk9ft3b5rwm0ndu4sujps1bntes4
tcgplayer,CBMiREFVX3lxTE1BNmM0LUhVeVFmb1hwQ2t0SkFZY3BpR3Z5MzF0bWpjbU5mQXBDeFVyOWpyRVc1N2xYLTNyRENNLUptS0x4,cbmirefvx3lxte1bnmm0luhvevfmb1hwq2t0skfzy3bpr3z5mzf0bwpjbu5mqxbdefvyowpyrvc1n2xyltnyrennlupts0x4
tcgplayer,CBMivgFBVV95cUxON0N5QmlqaXMtcndNc3RiWUFqRU5COFZBNXZhckFwOFVjMWlfT0o2S3NDNjk1MGQzbkpSYXhrSVFCcjFxcU92WVVmWXE4LVhwQWlkOU9LQV9Gd1NQWTVPVHktMWtCVXFzWnBTVExQekNxX1R2ZExVNFA2WVNfTFROb0xxNkwwazlvaGJlLWRoQ3NKODNJT0pYaEMxZlB1RXd5UUtSb2t2WllhZk1CcEdKbkU3LXdfRzdhLU9PNU1n,cbmivgfbvv95cuxon0n5qmlqaxmtcndnc3riwufqru5cofzbnxzhckfwofvjmwlft0o2s3ndnjk1mgqzbkpsyxhrsvfccjfxcu92wvvmwxe4lvhwqwlkou9lqv9gd1nqwtvpvhktmwtcvxfzwnbtvexqeknxx1r2zexvnfa2wvnftfrob0xxnkwwazlvagjllwroq3nkodnjt0pyaemxzlb1rxd5uutsb2t2wllhzk1ccedkbku3lxdfrzdhlu9pnu1n
tcgplayer,CBMioAFBVV95cUxQanVlV19qdU9jZzhkQWZGUG5CTEhMOEtaNkx2aWppU1dpUkZlbXRoRHV0UTRCZ0Fmc1VUaHF4YUtKcVpHVEdybTBUYmU0UXNiTVBtdlBCY1hhTVhmODgya050YUN0QWJISVRWX19fT01CZVdqdzQ3YVhPMktsbkhJdE5SYjRMdC16ekl0T1hHYm44Nm03QUZsQmFfWVZVMk1H,cbmioafbvv95cuxqanvlv19qdu9jzzhkqwzgug5ctehmoetankx2awppu1dpukzlbxrorhv0utrcz0fmc1vuahf4yutkcvphvedybtbuymu0uxnitvbtdlbcy1hhtvhmodgya050yun0qwjisvrwx19ft01czvdqdzq3yvhpmktsbkhjde5syjrmdc16ekl0t1hhym44nm03quzsqmffwvzvmk1h
tcgplayer,CBMi2wFBVV95cUxPb25wVkpWWXhPc01hOFRJdmZ3eGJTMDIyam5yMlpYcnRSVjBQWXd3MGlNQ1pKSXJ1c0I3aE1BS3VDbUFJVXZkRUhISHlkbkVKOW5LdHRudWhMdllkaHZBTTZlYWZPVkkycXVzd0tBajNpODBWR2h0Rm1uUmJxTFlVNnBZcEw1WjV3MjdFTEtYemU1QXl5RU1VQy12enR4alVISUZwUE53UUQ2ODQxZkdzQzdfQUJpUXhOWXh4c2JHRzRja3ZyR1dPazdWMWhXOVJaVkVvYTVIc0dpOG8,cbmi2wfbvv95cuxpb25wvkpwwxhpc01hofrjdmz3egjtmdiyam5ymlpycnrsvjbqwxd3mglnq1pksxj1c0i3ae1bs3vdbufjvxzkruhishlkbkvkow5ldhrudwhmdllkahzbttzlywzpvkkycxvzd0tbajnpodbwr2h0rm1uumjxtflvnnbzcew1wjv3mjdftetyemu1qxl5ru1vqy12enr4alvisuzwue53uuq2odqxzkdzqzdfqujpuxhowxh4c2jhrzrja3zyr1dpazdwmwhxovjavkvvytvic0dpog8
tcgplayer,CBMi0wFBVV95cUxQTzhpaTFON1ROck1ybzZ4bjAwRFNsU243VGRRczJIWVVOTmdaeER1N2I3Uko1QTNGT20wanV2cGo3Smg0ME1rT3lwaGQ1T1R6bGhOSWtuLXJaM2tQWmVYLVphS1Vyb0V4QkdGSVNQc2paYnN0NkVENFpOQUdQMGxHS2ZXeDFqbl9zZExtdGNTakVEcHFWelF3QkxDdmtsaUVpQi1SSElSY0ZQTDBNNzlYbjZ5SVd0WjZROHFjVlFxLURGNjdHVEEydXU3X2R3ZFBGRndZ,cbmi0wfbvv95cuxqtzhpatfon1rock1ybzz4bjawrfnsu243vgrrczjiwvvotmdaeer1n2i3uko1qtngt20wanv2cgo3smg0me1rt3lwagq1t1r6bghoswtulxjam2tqwmvylvphs1vyb0v4qkdgsvnqc2paynn0nkvenfpoqudqmgxhs2zxedfqbl9zzextdgntakvechfwelf3qkxddmtsauvpqi1sselsy0zqtdbnnzlybjz5svd0wjzrohfjvlfxlurgnjdhveeydxu3x2r3zfbgrndz
tcgplayer,CBMizAFBVV95cUxOLUF0YWlCYWlLc2RrUU9oX205VW1DeDlyZXc3NFVEMElWWWU0WmpGQVdpekZtSEZxU0NUZ015UVh0ZXl5Y0RaNExIdi1iaFY2UTRVUVU2T1RzSnBSQmx3OHJWSnoybzRuWDNocWJqb3djU3dOcThmR19vcXRFU193cUxsVDRnOV9XMmI4WjBoSVVQYnZYT1ZmVjdOSTU3cUdLMXJYQWVVcE03ODJSd1V1TlRpbkhvUC1EZGN6SkpxbXpDSFJsbUtlR1QyOU4,cbmizafbvv95cuxoluf0ywlcywllc2rruu9ox205vw1dedlyzxc3nfvemelwwwu0wmpgqvdpekztsezxu0nuz015uvh0zxl5y0ranexidi1iafy2utrvuvu2t1rzsnbsqmx3ohjwsnoybzruwdnocwjqb3dju3docthmr19vcxrfu193cuxsvdrnov9xmmi4wjbosvvqynzyt1zmvjdostu3cudlmxjyqwvvce03odjsd1v1tlrpbkhvuc1ezgn6skpxbxpdsfjsbutlr1qyou4
tcgplayer,CBMivgFBVV95cUxNaG9wOTJabVNYN1NkaURHY3F0SjNGMUI2ZGc3b3Y3SHotcHZNcW8tZHlFcUg4OVQxbWc1Wnp2TTgxT3llUjh1T1lwU1h1X2VsbGxqam0wZkVPUHhWMmllMUxiSnZXZmlncEVFenNtaDEtV0RCRzhwc3dXX0k2aERfaU9ZbDJBUVRLb1Y4UFVkZElMRXBnbE44RmVCT20zYm9DY0hxaE5rUkEzNGItWXRINzQtOV9aNWZkeERNTUhB,cbmivgfbvv95cuxnag9wotjabvnyn1nkaurhy3f0sjngmui2zgc3b3y3shotchzncw8tzhlfcug4ovqxbwc1wnp2ttgxt3llujh1t1lwu1h1x2vsbgxqam0wzkvpuhhwmmllmuxisnzxzmlncevfenntadetv0rcrzhwc3dxx0k2aerfau9zbdjbuvrlb1y4ufvkzelmrxbnbe44rmvct20zym9dy0hxae5rukezngitwxrinzqtov9anwzkeerntuhb
tcgplayer,CBMiywFBVV95cUxON1V4bVZxbkpaUFRWUWhVaTl5T2xwUTZKbXhSVGRjWVJYSzE4X2hBcUNFNlJEVkZOZ1dSYnM0a0lRUmQzcmdmTXpZckIzN0xVbGlwWnJGUVdoRVJxYXc1NXBIMXBTRWw3ck0zMks0TU8zQnEtSXc0YTJ4Y0ZUdU5Ta2UyLWZVVmNZUkl4SE5ySHNqQ3hSQVdMYlVpV2VEV0I4dHRNM2NWaFdpMExuQXRfMFM4bzZJWjA3eEFUekNzMXVSb29QRlh1Y3NQWQ,cbmiywfbvv95cuxon1v4bvzxbkpaufrwuwhvatl5t2xwutzkbxhsvgrjwvjysze4x2hbcunfnljevkzoz1dsynm0a0lrumqzcmdmtxpzckizn0xvbglwwnjguvdorvjxyxc1nxbimxbtrww3ck0zmks0tu8zqnetsxc0ytj4y0zudu5ta2uylwzvvmnzukl4se5yshnqq3hsqvdmylvpv2vev0i4dhrnm2nwafdpmexuqxrfmfm4bzzjwja3eefueknzmxvsb29qrlh1y3nqwq
tcgplayer,CBMiogFBVV95cUxQSHhSSGJTYTBQdkl4VElIVmw0R0JHUnJDc281WE4tempncDJuVG9BekcxUDllYlBLcEFqTERCZExfZFg0a01SNFMzaGtOa1dWOGlraU1rRUVRT043cEtqRGxkMVlxRmpCU01RbUEzaVJzWlhjQmQzUFpMVW94el9YSHZLNFljSERVZ2pRZkRBRVp3Zm5PUGdjSlBfeThySDV2TGc,cbmiogfbvv95cuxqshhssgjtytbqdkl4velivmw0r0jhunjdc281we4tempncdjuvg9bekcxudllylblcefqterczexfzfg0a01snfmzagtoa1dwoglrau1rruvrt043cetqrgxkmvlxrmpcu01rbuezavjzwlhjqmqzufpmvw94el9yshzlnfljservz2przkrbrvp3zm5pugdjslbfethysdv2tgc
tcgplayer,CBMinwFBVV95cUxNemM5c1ZiYVRYMkdHNGVFY0stanVaRVA4Q19kQ2Q5bVBiSFJOb3VidEp2RERPejkwaUlRX0dKVDFRUjNzMEtjRnJUR25HbGhLLTllcGdiNFhCYS1yWF9XNTNkWjJ2YlJVQXZuaW5vY0w0a2hpREllY2FSdXdyR0hzUXN4TWhiVWJxWkVFX2h1RHdpZTNPT0xUb0NNUVpRZUE,cbminwfbvv95cuxnemm5c1ziyvrymkdhngvfy0stanvarva4q19kq2q5bvbisfjob3videp2rerpejkwaulrx0dkvdfrujnzmetjrnjur25hbghlltllcgdinfhcys1ywf9xntnkwjj2yljvqxzuaw5vy0w0a2hprelly2fsdxdyr0hzuxn4twhivwjxwkvfx2h1rhdpztnpt0xub0nnuvprzue
tcgplayer,CBMi1wFBVV95cUxNRVNlZUt5NlNMYjg4Y3BYMkVHY3FackF3ZGJWOV9LSlE4aDd3WG83cm9WMndZaXE1Qm8yQ2IxX1NlVUVkc1NNblgxRnZkQ2ZIMFl3by1MN09hQVlKSjBfSGtpWnprWmZtV19pOGc2R09mWGxOU3RqOVdaeURvZ2M3ZFVzZm5iSGx0aE5LRk9qYW96cFdUNEFxY1lES3dsOHRJMkVQMjE5WF9rLUJTTTBQU1RNVlQxYTdPZm8yRFdxb2JVcEhkbVZjYlBTTjhkR0dvUTg1ZXczOA,cbmi1wfbvv95cuxnrvnlzut5nlnmyjg4y3bymkvhy3fackf3zgjwov9lsle4add3wg83cm9wmndzaxe1qm8yq2ixx1nlvuvkc1nnblgxrnzkq2zimfl3by1mn09hqvlksjbfsgtpwnprwmztv19pogc2r09mwgxou3rqovdaeurvz2m3zfvzzm5isgx0ae5lrk9qyw96cfdunefxy1les3dsohrjmkvqmje5wf9rlujtttbqu1rnvlqxytdpzm8yrfdxb2jvcehkbvzjylbttjhkr0dvutg1zxczoa
tcgplayer,CBMisAFBVV95cUxObzdzSHBYN2xzVFdPenVWNW5wSkZPc0lvRzh4MHNQZ3VZWURqWVJkRDFId2lIdi14Nl9XVGNkMUZDdVVoUFprSnZxQ0dIT3BQTWItM1UyOGV3ZmFSNHBUSVhQeWNSaFVrMHNRUEV0SU80YXM5M2hfMVNpYUx6XzByVDk5RjI4X3hFMllKaXZ2V3Nsbm9sY0w2WmhpbS1NcDRRajNJdUwzNmRFTVVrWVR2bA,cbmisafbvv95cuxobzdzshbyn2xzvfdpenvwnw5wskzpc0lvrzh4mhnqz3vzwurqwvjkrdfid2lidi14nl9xvgnkmuzddvvoufprsnzxq0dit3bqtwitm1uyogv3zmfsnhbusvhqewnsafvrmhnruev0su80yxm5m2hfmvnpyux6xzbyvdk5rji4x3hfmllkaxz2v3nsbm9sy0w2wmhpbs1ncdrrajnjduwznmrftvvrwvr2ba
tcgplayer,CBMisgFBVV95cUxQSUFJYU5xZ0VWV3pqZnh4NGtJWTBkQzNsZ0ZySTU4ekN3YkRmT1hjcE96dUh4RWpacmhnOFFwVmZ5bkk4d3lQZDRrS0pKc28zTjZWekJxeEtLUDJOY0FBNl9vOEloMi1Rd3RkT2RWRnc4NFN6ZjEwaF9QbnZnRGJfSzM4Y245b2lNRU93cnFSMkk0Q1hsLTdtQWtXaDNPb2VoXzIzdGlkTzFOa3JHWEJMRUpn,cbmisgfbvv95cuxqsufjyu5xz0vwv3pqznh4ngtjwtbkqznsz0zystu4ekn3ykrmt1hjce96duh4rwpacmhnoffwvmz5bkk4d3lqzdrrs0pkc28ztjzwekjxeetludjoy0fbnl9voelomi1rd3rkt2rwrnc4nfn6zjewaf9qbnznrgjfszm4y245b2lnru93cnfsmkk0q1hsltdtqwtxadnpb2voxzizdglktzfoa3jhwejmrupn
tcgplayer,CBMinwFBVV95cUxQUUJpZGlNS1g5TFU4Sl9McFRadWJLanNPcGZSME9FcU5zMS1tMC1HaUZCYWhBdnhvSlI5MWlMMjhzbXVPT01qYWEtQ2ZwaExXSFdwMnVWQnZ2T1pBTFFkMV9PbzZjSjFrbFVRY2t4OUNvTGpfRFZrNS1CTTBoODZqZkRSSlJTeHBvMVZwb0k4VkJSRE1Ocm1KTC1MMldpMTg,cbminwfbvv95cuxquujpzglns1g5tfu4sl9mcfradwjlannpcgzsme9fcu5zms1tmc1hauzcywhbdnhvsli5mwlmmjhzbxvpt01qywetq2zwaexxsfdwmnvwqnz2t1pbtffkmv9pbzzjsjfrbfvry2t4ounvtgpfrfzrns1cttboodzqzkrssljtehbvmvzwb0k4vkjsre1ocm1ktc1mmldpmtg
tcgplayer,CBMixgFBVV95cUxNY08yZHNCWDRvcHZMWEFOUFFXLWpnY0JzTVhqWmlMeVl2alZ1YkFLSmxYcjNPb1M3ZzVCaFY3NUsxTk1TaTk5aFJiMlI0S0Q1WUVYZmFLVzg2VlhJZUFScENXbzc2Y1RkaXBVOFZnaHczLU85T3hjYVZZQ2pDZXFNN3BlN2RCYjVfWFEtaGwwVnRBU2VFR1FuUEluNTFiVHZzZU1lUTdzeDdqWkN4ZjFYU3R1bVJZSUlnWmVKakd1NmxCUjdISWc,cbmixgfbvv95cuxny08yzhncwdrvchzmwefouffxlwpny0jztvhqwmlmevl2alz1ykflsmxycjnpb1m3zzvcafy3nusxtk1tatk5afjimli0s0q1wuvyzmflvzg2vlhjzufscenxbzc2y1rkaxbvofznahczlu85t3hjyvzzq2pdzxfnn3bln2rcyjvfwfetagwwvnrbu2vfr1fuueluntfivhzzzu1lutdzeddqwkn4zjfyu3r1bvjzsulnwmvkakd1nmxcujdiswc
tcgplayer,CBMiygFBVV95cUxNMTdueTJyVTV0ZHJUM1hLcC1xR2hSNXM4dzBOTHdFbnpaN1hmVC1oRkc4VDJkRWp4UEFpZDZTMU1TMzhGT054VkRGOERSc2EzZ3VKajYwX2hienVsTEhfWDdEaHB1NHQ2d3RGWnZwc0JvSWZINmdVTjVCeU0tbDhmWjdCUzFGNHpfMDQzaTl4UzhwUUJIQ0tENTVuUlAyckdlOVprRGpIUHJZemU1c1BtcGNsdU5LdkI5WmhSUTdEYUdndkVSb0MzcUVR,cbmiygfbvv95cuxnmtduetjyvtv0zhjum1hlcc1xr2hsnxm4dzbothdfbnpan1hmvc1orkc4vdjkrwp4uefpzdztmu1tmzhgt054vkrgoersc2ezz3vkajywx2hienvstehfwddeahb1nhq2d3rgwnzwc0jvswzinmdvtjvceu0tbdhmwjdcuzfgnhpfmdqzatl4uzhwuujiq0tentvuulayckdlovprrgpiuhjzemu1c1btcgnsdu5ldki5wmhsutdeyudndkvsb0mzcuvr
tcgplayer,CBMiwwFBVV95cUxNZi1ydm9RNEt5bEpLWnk0ZWl5ZDFTYm9SeDdYeFZaLV92ZFdrc1VHTHNvbXZpX2I0eGhKY1JpVkt4ZnJxNzhRWEgzR2ktSXFwRF9xa2Y1UXVDc01Vc0ZmT0lBUjdjSWFnWVZRZmdUaFEydXlVcHJjV0hDNmsyWWRSeG10dnlEVTNMWlVzMl9zekg2a3A2WWpONFRNbGZYQjc1YzUxZnpPR3dnNFd1YVdwYmdkb0w4eGxmQmZHOVpGSTkwaUE,cbmiwwfbvv95cuxnzi1ydm9rnet5beplwnk0zwl5zdftym9seddyefzalv92zfdrc1vhthnvbxzpx2i0eghky1jpvkt4znjxnzhrwegzr2ktsxfwrf9xa2y1uxvdc01vc0zmt0lbujdjswfnwvzrzmduafeydxlvchjjv0hdnmsywwrseg10dnlevtnmwlvzml9zekg2a3a2wwponfrnbgzyqjc1yzuxznppr3dnnfd1yvdwymdkb0w4egxmqmzhovpgstkwaue
tcgplayer,CBMikwFBVV95cUxQTWpsTTQxVGItb240V2JRSVZkYjYxbW12dUJoMDJQTU5wQ3VvWVFsZWM0blhPQnZZa2ZBZmZIS2h6ellUNEo0c0FEd0hRa05ibFljQUpmbmVIaUJ3S0toVVVUMUwteF9QQUhrVVRLeTAyRjBsYUFBd2J0SW0zajZoOS0zZW82RGZkeXVUR0RqaHhmRTg,cbmikwfbvv95cuxqtwpsttqxvgitb240v2jrsvzkyjyxbw12dujomdjqtu5wq3vvwvfszwm0blhpqnzza2zbzmzis2h6elluneo0c0fed0hra05ibfljqupmbmviauj3s0tovvvumuwtef9qquhrvvrletayrjbsyufbd2j0sw0zajzoos0zzw82rgzkexvur0rqahhmrtg
tcgplayer,CBMivwFBVV95cUxNUUFpbFZRZE0zam9LT1RvUHEwTndEeGhRMFpSZHFRZHBhT2ZxM212M2NJazdEbHlNZnFrMnpRdTF2MmlidGppemlEMjlQd01GT3NjRGZWZm5ncTQ2LWFnYUJ0MG9DU0ZhWnRYWExMNW5za1ZWVGo5cHdWSGxsUXJUSE5ObnI0c0dxdXFualFLTHJ6Vkc1SHduWTROVUZEbEE0OGNqdkdWN2tPTnJEOVh5MEtHeTV6NEJ1Ti1Lb2NCQQ,cbmivwfbvv95cuxnuufpbfzrze0zam9lt1rvuhewtndeeghrmfpszhfrzhbht2zxm212m2njazdebhlnznfrmnprdtf2mmlidgppemlemjlqd01gt3njrgzwzm5nctq2lwfnyuj0mg9du0zhwnrywexmnw5za1zwvgo5chdwsgxsuxjuse5obni0c0dxdxfualflthj6vkc1shduwtrovuzebee0ognqdkdwn2tptnjeovh5methetv6nej1ti1lb2ncqq
tcgplayer,CBMioAFBVV95cUxNM1c2UEZhZUMxVHZMT2steGl1cHZCVV9BVWxoVDdWNnZ5SkZEZ3l0MTRjaU9MZUFpakZLc25FQ181RUhuaXo2OUZMeUVMTVR6YzFCbWtjWmRzR3VoOTFLX21WdU5JSGVxeHhLc2Q3TkgtTWEzVlp5MFZsLUxqblVvdlhTajF1em5rQ3NPQlJUVmhkZ2d3cmpPTF9IaW1pUWZU,cbmioafbvv95cuxnm1c2uezhzumxvhzmt2stegl1chzcvv9bvwxovddwnnz5skzez3l0mtrjau9mzufpakzlc25fq181ruhuaxo2ouzmeuvmtvr6yzfcbwtjwmrzr3vootflx21wdu5jsgvxehhlc2q3tkgttwezvlp5mfzsluxqblvvdlhtajf1em5rq3npqljuvmhkz2d3cmpptf9iaw1puwzu
pokenews,CBMitgFBVV95cUxObV9JeEgyYWhqODhyUmxwV3B6OFBITmhzVDVjai14Q1RLeDhmYm5SXzhNXzZLVGFiZTFKZXZ1VGhOaWs4bnozdUFBMWpOWEYwR29XdEVWZVpwVDhPdERhZUdRTVhKQzZIWEFwMzVCUWpRUnhPc2tJVWFmcE5SY2ZrQkExQ0Z1RldDQ1cyYUZ6bHFLMHFsc1lmRHhhWllGSmh3WlNHa3FMXy13YS1SSEVCcmw2VV9RUQ,cbmitgfbvv95cuxobv9jeegyywhqodhyumxwv3b6ofbitmhzvdvjai14q1rledhmym5sxzhnxzzlvgfiztfkzxz1vghoaws4bnozdufbmwpoweywr29xdevwzvpwvdhpderhzudrtvhkqzziwefwmzvcuwprunhpc2tjvwfmce5sy2zrqkexq0z1rlddq1cyyuz6bhflmhfsc1lmrhhhwllgsmh3wlnha3fmxy13ys1ssevccmw2vv9ruq
pokenews,CBMilwFBVV95cUxPN2ZiYlpiTU9JNm1VRWRrb0JLa2VTTHZGNHNCVEotMWlQajdGX1FuSE5VbWF6czd5RlZvVGJjb3kxQUhKamFtbWNLZVVwSWU4NTBIeG5hYmtpX1dBeVUtdmduZnFhWDk4YzZIN3RnbjdIN3BtcTVlSTRzb3VpZnIxaW9MUmRzUzRSQkx5VDJ2UEp0OG14YkFj,cbmilwfbvv95cuxpn2ziylpitu9jnm1vrwrrb0jla2vtthzgnhncveotmwlqajdgx1fuse5vbwf6czd5rlzvvgjjb3kxquhkamftbwnlzvvwswu4ntbieg5hymtpx1dbevutdmduznfhwdk4yzzin3rnbjdin3btctvlstrzb3vpznixaw9mumrzuzrsqkx5vdj2uep0og14ykfj
pokenews,CBMipwFBVV95cUxQWGVoMWJscHFuM2Z0eHI1X2tyblViaklIbW1tR2xuMjhWd0hoeFlmNFh6cGw0YVlSU25KRE93Y1VwaVAzRmxvZWRLUGszN19wQlRiUFNONURJNV9XU3hQTFUteWlHU1MwcGFyUDdrZG5nN0xVUFBSNC1mNGh1YUJ5ZlJyYmJTMmowQks4RnBsRzlSckhJUE0xcFJJREo4WWJoaHVDMmNoNA,cbmipwfbvv95cuxqwgvomwjschfum2z0ehi1x2tyblviaklibw1tr2xumjhwd0hoeflmnfh6cgw0yvlsu25kre93y1vwavazrmxvzwrlugszn19wqlriufnonurjnv9xu3hqtfutewlhu1mwcgfyuddrzg5nn0xvufbsnc1mngh1yuj5zljyymjtmmowqks4rnbsrzlsckhjue0xcfjjreo4wwjoahvdmmnona
pokenews,CBMiwAFBVV95cUxOc2tzRl9IR2dpUEh1NjFKMTRyTDB3ZnEtRW9zdVcwa243X0c5aF9leGtqOHpSSTI3dDBXOVpZNk9oN0dOMDVncTNSNXBDbmhpNjFTQjVjMHhkel82dnlORzdUYS1IakhKTW9CQUhGejNnNE9LYWxUdWtPMzNxX3U2YUxjMFNKcjhUM0FNXzZUNld4Y3ZLR0o2dWNXSkplSlhhcTc5TENrQjU2NXhtSmRSNVlONzdrLUlaSEY1VnhudU0,cbmiwafbvv95cuxoc2tzrl9ir2dpueh1njfkmtrytdb3znetrw9zdvcwa243x0c5af9legtqohpssti3ddbxovpznk9on0domdvnctnsnxbdbmhpnjftqjvjmhhkel82dnlorzduys1iakhktw9cquhgejnnne9lywxudwtpmznxx3u2yuxjmfnkcjhum0fnxzzunld4y3zlr0o2dwnxskplslhhctc5tenrqju2nxhtsmrsnvlonzdrlulasey1vnhudu0
pokenews,CBMiowFBVV95cUxNYVNnOWd3bHRiZGJFNXNWdkFWZWdybEFCX2ZxYVJLSUJDeU16TndqOFZOVGM2M28tZ3VERk1TVHZmQ2R6SU0yeXhVMkRXZV9MTVNSZ0VwRzl1V2dPWDZFQnlSdDBuNzFBeDh2VkdXWEdXWmp3UTAyS1VjZVlUUjFabnp5c09BX0hCUkFYSl8yeUZCYW5qYlFiTkt6Y2Q3azg3dXl3,cbmiowfbvv95cuxnyvnnowd3bhrizgjfnxnwdkfwzwdybefcx2zxyvjlsujdeu16tndqofzovgm2m28tz3verk1tvhzmq2r6su0yexhvmkrxzv9mtvnsz0vwrzl1v2dpwdzfqnlsddbunzfbedh2vkdxwedxwmp3utays1vjzvluujfabnp5c09bx0hcukfysl8yeuzcyw5qylfitkt6y2q3azg3dxl3
pokenews,CBMipgFBVV95cUxOaGNlWWdjZmhLY0EtbHUxQzNfYU1hYmtxWUdnRTZIWkZCMU5ZLV9sazQ5QnNjb0ZSTGlGRGJZelhqcnBkQnhDdzd3ZEZEWmpZLVg5bW10RUpQejZ2dVpzNjA0U24yLWpqSDhtdURSYWh1c1VITElkVVFhSG1XY2VMV1F3VkM4RnJNZHJ6VFFIb2cybnZtalZWbWY2VVdybDhZM3pza0VB,cbmipgfbvv95cuxoagnlwwdjzmhly0etbhuxqznfyu1hymtxwudnrtziwkzcmu5zlv9sazq5qnnjb0zstglgrgjzelhqcnbkqnhddzd3zezewmpzlvg5bw10rupqejz2dvpznja0u24ylwpqsdhtdursywh1c1vitelkvvfhsg1xy2vmv1f3vkm4rnjnzhj6vffib2cybnztalzwbwy2vvdybdhzm3pza0vb
pokenews,CBMiU0FVX3lxTE0yS19OdF8tSUhaMjF1aGQ5TGtmZFZMYVh0QjFERmlrNFpwaExmOTVWQVRUdDY3Ymg0SFlmZThuVHJjWmRTWWNfczlBeS10REViLUk0,cbmiu0fvx3lxte0ys19odf8tsuhamjf1agq5tgtmzfzmyvh0qjfermlrnfpwaexmotvwqvruddy3ymg0sflmzthuvhjjwmrtwwnfczlbes10reviluk0
pokenews,CBMiTEFVX3lxTE1KSkZxbFpIZXpkQlhISVJBZWg3am9iWTVYWGctMFFKOEQyamt3Y2VJREkxZzdabjFlY3JtcTFGWms1cGFBZmp6ckdWVlE,cbmitefvx3lxte1kskzxbfpizxpkqlhisvjbzwg3am9iwtvywgctmffkoeqyamt3y2vjrekxzzdabjfly3jtctfgwms1cgfbzmp6ckdwvle
pokenews,CBMiP0FVX3lxTE9nbThDMTBhS09lS1RkQ0pJOUJIeUx4MkZ0ZGF0Rm4xUXZKQlRZNWc5RmZieHNESk0yUHgyTExQYw,cbmip0fvx3lxte9nbthdmtbhs09ls1rkq0pjoujieux4mkz0zgf0rm4xuxzkqlrznwc5rmziehnesk0yuhgytexqyw
pokenews,CBMihgFBVV95cUxQbE4yZmw5UG1hd3RfZXZKUnBUdmdOQ0VHZm16aTRUUm95Z05aRWdZYkE4T1FOSmdiaFJxd1BPVi1zZkJvQ2hNbHRQclNzNWJ1R0hHMjBheEY5dUFjVFV5SnBwOEJYcUdneW8zQl9HYmVKLWR3S2NLam5zQk1yV0VNSkxPaEllZw,cbmihgfbvv95cuxqbe4yzmw5ug1hd3rfzxzkunbudmdoq0vhzm16atruum95z05arwdzyke4t1fosmdiafjxd1bpvi1zzkjvq2hnbhrqclnznwj1r0hhmjbheey5dufjvfv5snbwoejycudnew8zql9hymvklwr3s2nlam5zqk1yv0vnskxpaellzw
pokenews,CBMioAFBVV95cUxQV05TbUEtaC1kbDFsR3RsWldpUkQyX1B2VVdSY1I4aGkyZjVROVNNdnQyMnVsM2NuSFpXRm5HZ3BqZlZyNVZrRmFRalQzb0VSN0ViZEU2YnM4dnJhRE14bXRiTFZNckNhNV9JNkt0NU1wYkkwLVhxNEdJQ1BPTGFsNGpmV2dUQUotVTYzcWtWMGUtRkRDZUtjaVNwb05kS1I2,cbmioafbvv95cuxqv05tbuetac1kbdfsr3rswldpukqyx1b2vvdsy1i4agkyzjvrovnndnqymnvsm2nusfpxrm5hz3bqzlzynvzrrmfralqzb0vsn0vizeu2ynm4dnjhre14bxritfzncknhnv9jnkt0nu1wykkwlvhxnedjq1bptgfsngpmv2duquotvtyzcwtwmgutrkrdzutjavnwb05ks1i2
pokenews,CBMiSkFVX3lxTE9nblU5WHY5M1FoWDZWN3Zaa2cyRE80Yi0zdGo3UmJfSVhGbk5hbmtETjFlZXBMaEhWY1otenVfMjB1UDZBWUNyMS1R,cbmiskfvx3lxte9nblu5why5m1fowdzwn3zaa2cyre80yi0zdgo3umjfsvhgbk5hbmtetjflzxbmaehwy1otenvfmjb1udzbwunyms1r
pokenews,CBMickFVX3lxTFBQY3haRndFdHdJcEFjTkpQdVV5U29JNDVLZlVEb0ktVHZOTTg2Sy1IbWQ4dXl3UFZiMmxQZkNFN2l4bWhzZ3VXQU5GLUc4anlFQVQ2QUJaUXFjQmxVNW9lQ1dHaWlzRnJQNVV1VVVMTklpUQ,cbmickfvx3lxtfbqy3harndfdhdjcefjtkpqdvv5u29jndvlzlveb0ktvhzottg2sy1ibwq4dxl3ufzimmxqzknfn2l4bwhzz3vxqu5gluc4anlfqvq2qujauxfjqmxvnw9lq1dhawlzrnjqnvv1vvvmtklpuq
pokenews,CBMihAFBVV95cUxOQkxlOFE3bFVEUTBSeXRPLXMtYXdxbzdPbHJ5SUVXXzVsbHYxNkItSHdSUUpUdUNFZFNaNm1QbW9aclhpdE9sS0o2WUpLaGRGUWIzTGxpTVZnSWtTZVktVVVRNXJlcEV3VFZsa3BwQjZKTWtKREZUWUNHVkV1aFVldExpU1Q,cbmihafbvv95cuxoqkxlofe3bfveutbsexrplxmtyxdxbzdpbhj5suvxxzvsbhyxnkitshdsuupudunfzfnanm1qbw9aclhpde9ss0o2wuplagrguwiztgxptvznswttzvktvvvrnxjlcev3vfzsa3bwqjzktwtkrezuwunhvkv1afvldexpu1q
pokenews,CBMiUEFVX3lxTE1Kemo2TjJRYVg0b0NqNUFUdWI3OXNUMDE1WE1tZElkNUFzUEEzVi05dlUxem00T2dDS3JWVmtOOE9ZQXRIOWFqX3RyZnpRaDMy,cbmiuefvx3lxte1kemo2tjjryvg0b0nqnufudwi3oxnumde1we1tzelknufzueezvi05dluxem00t2dds3jwvmtooe9zqxriowfqx3ryznpradmy
pokenews,CBMiQkFVX3lxTFA4MXVuZmVsODZuVXdkR2hUbk5lYnFJN1RRQnhJSFBRbFpoUXVCUDZVNHlqWTNBRlI2M2pkUnl0eW5Wdw,cbmiqkfvx3lxtfa4mxvuzmvsodzuvxdkr2hubk5lynfjn1rrqnhjsfbrbfpouxvcudzvnhlqwtnbrli2m2pkunl0ew5wdw
pokenews,CBMihAFBVV95cUxQUXNIYXNsRGtZaWhRaktRd3Z1WXY0dVZSOVdfeVVDVjRLMFVyaFFELTRFcWVLUmRXV1QzS0xBTDl5a3B3NUZrbmF2bFV3djhCMWpVUVZXVWJNNWpPNGduR3BkZFVGY1RibFJ3VWhFRXU4VC1TWWdsQmhlRk1KZ1Z1Vmxvb18,cbmihafbvv95cuxquxniyxnsrgtzawhraktrd3z1wxy0dvzsovdfevvdvjrlmfvyaffeltrfcwvlumrxv1qzs0xbtdl5a3b3nuzrbmf2bfv3djhcmwpvuvzxvwjnnwppngdur3bkzfvgy1ribfj3vwhfrxu4vc1twwdsqmhlrk1kz1z1vmxvb18
pokenews,CBMiRkFVX3lxTE5zTVZGbW9IdnVXbE03bGpjSTNlNW5ZdWpfMEFwbnRLU2RESDRvUTEwRTZVbk1nU3FzYlczM2k3Y3dwNmtkaUE,cbmirkfvx3lxte5ztvzgbw9idnvxbe03bgpjstnlnw5zdwpfmefwbnrlu2resdrvutewrtzvbk1nu3fzylczm2k3y3dwnmtkaue
pokenews,CBMigwFBVV95cUxQVHRlcFBqR0l0UUhsbm9DMEc2X1gzSjhmT2V0Mk1BOUZBQVJwLTBDdHJVSHBjY1RyUkVOQmhJNzl5bEQ0Y3RXV0dpM3pvUFVoQ2Z3RFRISkRyZzFQaUtwNHp5VEhMWXpIV29LOThNX2d1RlY0a1ZTYXdRS2NKR3g2MnhSTQ,cbmigwfbvv95cuxqvhrlcfbqr0l0uuhsbm9dmec2x1gzsjhmt2v0mk1bouzbqvjwltbddhjvshbjy1ryukvoqmhjnzl5beq0y3rxv0dpm3pvufvoq2z3rfriskryzzfqautwnhp5vehmwxpiv29lothnx2d1rly0a1ztyxdrs2nkr3g2mnhstq
pokenews,CBMiaEFVX3lxTE1KOG40LWh6d24tVDVkb3hTcXhJNVAwVmZKbGs4Q1NBYXJ4SjBaakp6WGdsdnpJckVYdnB3MHpvRHFEbHcxd2pzRmpJSXdTdENTUkJ5aVM5WGFBQ2ZsV2lTdmZMOGx3ZkZF,cbmiaefvx3lxte1kog40lwh6d24tvdvkb3htcxhjnvawvmzkbgs4q1nbyxj4sjbaakp6wgdsdnpjckvydnb3mhpvrhfebhcxd2pzrmpjsxdtdentukj5avm5wgfbq2zsv2ltdmzmogx3zkzf
pokenews,CBMiZkFVX3lxTE5UOTV5TkhncURPSkQtV2dCalVOaGkzWFp5anNkT1cxYnhVWm1CdFEzNjktVTNVZXVHUnlQQ1Jlb1BaSmNwQjZMdWRVVm1QeS04TzNXZmx6eERMWW50ekJNUmNkaVUwUQ,cbmizkfvx3lxte5uotv5tkhncurpskqtv2dcalvoagkzwfp5annkt1cxynhvwm1cdfeznjktvtnvzxvhunlqq1jlb1basmnwqjzmdwrvvm1qes04tznxzmx6eermww50ekjnumnkavuwuq
pokenews,CBMiuwFBVV95cUxQY1U1WGUxNzRuZ19YRFNEZHEzNC12dTlYbC1hS19SZ3FhZGJXWHdCTnJSX256X1FjQVRMWnc3THhEeW5yWVV4dmlWdHBpa241c0FzQVJIUXdzSkpwMU91RGdNWEs4SG84NzhnQnFtRV9ESlBFUVFIc0FNT3pfbU45VDVpdFk5RUJJU0ZZeGZJNzFUSjJ4T0VIXzR4b01kREVWelhlSzA2RkRESkxuSlJMb1pvZWVNa0lUZ0xN,cbmiuwfbvv95cuxqy1u1wguxnzruz19yrfnezheznc12dtlybc1hs19sz3fhzgjxwhdctnjsx256x1fjqvrmwnc3thheew5ywvv4dmlwdhbpa241c0fzqvjiuxdzskpwmu91rgdnwes4sg84nzhnqnftrv9eslbfuvfic0fnt3pfbu45vdvpdfk5rujju0zzegzjnzfusjj4t0vixzr4b01krevwelhlsza2rkreskxusljmb1pvzwvna0luz0xn
pokenews,CBMiqwFBVV95cUxOMlUydURQT1JCV1p1Qkx0ZGN5dEdaNWd1ZTk5SGhYNUJVTk9XcWVYRkFTeUFHdzdvWHNmLXNKZnVTTllNWVVtbTFKbkRFcGtKLTZ4dG9kZzhXTVpTaDVoSGlRV3Vic3dmY2JlM2tsY0I4N05FRHVOWVlSZVFFLTgxVFRhcmNFZU92WXAwTkhwSEtiZzRNOThWZWpGaWZlWXItT0VCcXVrNjE4TjQ,cbmiqwfbvv95cuxomluydurqt1jcv1p1qkx0zgn5dedanwd1ztk5sghynujvtk9xcwvyrkfteufhdzdvwhnmlxnkznvttllnwvvtbtfkbkrfcgtkltz4dg9kzzhxtvptadvosglrv3vic3dmy2jlm2tsy0i4n05frhvowvlszvffltgxvfrhcmnfzu92wxawtkhwsetizzrnothwzwpgawzlwxitt0vccxvrnje4tjq
pokenews,CBMickFVX3lxTE1LR2hrU1pwVXBWc0VOWjZVc05BaTJvU24yMjI1TVo1VFQySlphUDdnQ3BIZW5SaGxBRTZTdmtPeFZ6ckdDampIX1BWNm9tVndfZ1E1Z1RMY2RhZi1oSlczYTVBN1hBMVpnVU9SenprTlh6QQ,cbmickfvx3lxte1lr2hru1pwvxbwc0vowjzvc05batjvu24ymji1tvo1vfqyslphuddnq3bizw5sagxbrtztdmtpefz6ckddampix1bwnm9tvndfz1e1z1rmy2rhzi1oslczytvbn1hbmvpnvu9senprtlh6qq
pokenews,CBMigAFBVV95cUxOZkxMOUJVRnNoS3E4amdRVzl3Tl9KQnhETWh2am4tc2JSTV9HS3dIcmRoS0hzU2pScXdPWGZfTXE2QkRCMVBUdzU3YWlZeDU4aUpmT1ZUeHZHN043VEtnQS01aFJyWTI4dVZRb0xyVC16SHBmUkdiMFl4WV9EOVc2Rw,cbmigafbvv95cuxozkxmoujvrnnos3e4amdrvzl3tl9kqnhetwh2am4tc2jstv9hs3dicmros0hzu2pscxdpwgzftxe2qkrcmvbudzu3ywlzedu4aupmt1zuehzhn043vetnqs01afjywti4dvzrb0xyvc16shbmukdimfl4wv9eovc2rw
pocketmonsters,CBMitgFBVV95cUxObV9JeEgyYWhqODhyUmxwV3B6OFBITmhzVDVjai14Q1RLeDhmYm5SXzhNXzZLVGFiZTFKZXZ1VGhOaWs4bnozdUFBMWpOWEYwR29XdEVWZVpwVDhPdERhZUdRTVhKQzZIWEFwMzVCUWpRUnhPc2tJVWFmcE5SY2ZrQkExQ0Z1RldDQ1cyYUZ6bHFLMHFsc1lmRHhhWllGSmh3WlNHa3FMXy13YS1SSEVCcmw2VV9RUQ,cbmitgfbvv95cuxobv9jeegyywhqodhyumxwv3b6ofbitmhzvdvjai14q1rledhmym5sxzhnxzzlvgfiztfkzxz1vghoaws4bnozdufbmwpoweywr29xdevwzvpwvdhpderhzudrtvhkqzziwefwmzvcuwprunhpc2tjvwfmce5sy2zrqkexq0z1rlddq1cyyuz6bhflmhfsc1lmrhhhwllgsmh3wlnha3fmxy13ys1ssevccmw2vv9ruq
pocketmonsters,CBMilwFBVV95cUxPN2ZiYlpiTU9JNm1VRWRrb0JLa2VTTHZGNHNCVEotMWlQajdGX1FuSE5VbWF6czd5RlZvVGJjb3kxQUhKamFtbWNLZVVwSWU4NTBIeG5hYmtpX1dBeVUtdmduZnFhWDk4YzZIN3RnbjdIN3BtcTVlSTRzb3VpZnIxaW9MUmRzUzRSQkx5VDJ2UEp0OG14YkFj,cbmilwfbvv95cuxpn2ziylpitu9jnm1vrwrrb0jla2vtthzgnhncveotmwlqajdgx1fuse5vbwf6czd5rlzvvgjjb3kxquhkamftbwnlzvvwswu4ntbieg5hymtpx1dbevutdmduznfhwdk4yzzin3rnbjdin3btctvlstrzb3vpznixaw9mumrzuzrsqkx5vdj2uep0og14ykfj
pocketmonsters,CBMipwFBVV95cUxQWGVoMWJscHFuM2Z0eHI1X2tyblViaklIbW1tR2xuMjhWd0hoeFlmNFh6cGw0YVlSU25KRE93Y1VwaVAzRmxvZWRLUGszN19wQlRiUFNONURJNV9XU3hQTFUteWlHU1MwcGFyUDdrZG5nN0xVUFBSNC1mNGh1YUJ5ZlJyYmJTMmowQks4RnBsRzlSckhJUE0xcFJJREo4WWJoaHVDMmNoNA,cbmipwfbvv95cuxqwgvomwjschfum2z0ehi1x2tyblviaklibw1tr2xumjhwd0hoeflmnfh6cgw0yvlsu25kre93y1vwavazrmxvzwrlugszn19wqlriufnonurjnv9xu3hqtfutewlhu1mwcgfyuddrzg5nn0xvufbsnc1mngh1yuj5zljyymjtmmowqks4rnbsrzlsckhjue0xcfjjreo4wwjoahvdmmnona
pocketmonsters,CBMiwAFBVV95cUxOc2tzRl9IR2dpUEh1NjFKMTRyTDB3ZnEtRW9zdVcwa243X0c5aF9leGtqOHpSSTI3dDBXOVpZNk9oN0dOMDVncTNSNXBDbmhpNjFTQjVjMHhkel82dnlORzdUYS1IakhKTW9CQUhGejNnNE9LYWxUdWtPMzNxX3U2YUxjMFNKcjhUM0FNXzZUNld4Y3ZLR0o2dWNXSkplSlhhcTc5TENrQjU2NXhtSmRSNVlONzdrLUlaSEY1VnhudU0,cbmiwafbvv95cuxoc2tzrl9ir2dpueh1njfkmtrytdb3znetrw9zdvcwa243x0c5af9legtqohpssti3ddbxovpznk9on0domdvnctnsnxbdbmhpnjftqjvjmhhkel82dnlorzduys1iakhktw9cquhgejnnne9lywxudwtpmznxx3u2yuxjmfnkcjhum0fnxzzunld4y3zlr0o2dwnxskplslhhctc5tenrqju2nxhtsmrsnvlonzdrlulasey1vnhudu0
pocketmonsters,CBMiowFBVV95cUxNYVNnOWd3bHRiZGJFNXNWdkFWZWdybEFCX2ZxYVJLSUJDeU16TndqOFZOVGM2M28tZ3VERk1TVHZmQ2R6SU0yeXhVMkRXZV9MTVNSZ0VwRzl1V2dPWDZFQnlSdDBuNzFBeDh2VkdXWEdXWmp3UTAyS1VjZVlUUjFabnp5c09BX0hCUkFYSl8yeUZCYW5qYlFiTkt6Y2Q3azg3dXl3,cbmiowfbvv95cuxnyvnnowd3bhrizgjfnxnwdkfwzwdybefcx2zxyvjlsujdeu16tndqofzovgm2m28tz3verk1tvhzmq2r6su0yexhvmkrxzv9mtvnsz0vwrzl1v2dpwdzfqnlsddbunzfbedh2vkdxwedxwmp3utays1vjzvluujfabnp5c09bx0hcukfysl8yeuzcyw5qylfitkt6y2q3azg3dxl3
pocketmonsters,CBMipgFBVV95cUxOaGNlWWdjZmhLY0EtbHUxQzNfYU1hYmtxWUdnRTZIWkZCMU5ZLV9sazQ5QnNjb0ZSTGlGRGJZelhqcnBkQnhDdzd3ZEZEWmpZLVg5bW10RUpQejZ2dVpzNjA0U24yLWpqSDhtdURSYWh1c1VITElkVVFhSG1XY2VMV1F3VkM4RnJNZHJ6VFFIb2cybnZtalZWbWY2VVdybDhZM3pza0VB,cbmipgfbvv95cuxoagnlwwdjzmhly0etbhuxqznfyu1hymtxwudnrtziwkzcmu5zlv9sazq5qnnjb0zstglgrgjzelhqcnbkqnhddzd3zezewmpzlvg5bw10rupqejz2dvpznja0u24ylwpqsdhtdursywh1c1vitelkvvfhsg1xy2vmv1f3vkm4rnjnzhj6vffib2cybnztalzwbwy2vvdybdhzm3pza0vb
pocketmonsters,CBMiU0FVX3lxTE0yS19OdF8tSUhaMjF1aGQ5TGtmZFZMYVh0QjFERmlrNFpwaExmOTVWQVRUdDY3Ymg0SFlmZThuVHJjWmRTWWNfczlBeS10REViLUk0,cbmiu0fvx3lxte0ys19odf8tsuhamjf1agq5tgtmzfzmyvh0qjfermlrnfpwaexmotvwqvruddy3ymg0sflmzthuvhjjwmrtwwnfczlbes10reviluk0
pocketmonsters,CBMiTEFVX3lxTE1KSkZxbFpIZXpkQlhISVJBZWg3am9iWTVYWGctMFFKOEQyamt3Y2VJREkxZzdabjFlY3JtcTFGWms1cGFBZmp6ckdWVlE,cbmitefvx3lxte1kskzxbfpizxpkqlhisvjbzwg3am9iwtvywgctmffkoeqyamt3y2vjrekxzzdabjfly3jtctfgwms1cgfbzmp6ckdwvle
pocketmonsters,CBMiP0FVX3lxTE9nbThDMTBhS09lS1RkQ0pJOUJIeUx4MkZ0ZGF0Rm4xUXZKQlRZNWc5RmZieHNESk0yUHgyTExQYw,cbmip0fvx3lxte9nbthdmtbhs09ls1rkq0pjoujieux4mkz0zgf0rm4xuxzkqlrznwc5rmziehnesk0yuhgytexqyw
pocketmonsters,CBMihgFBVV95cUxQbE4yZmw5UG1hd3RfZXZKUnBUdmdOQ0VHZm16aTRUUm95Z05aRWdZYkE4T1FOSmdiaFJxd1BPVi1zZkJvQ2hNbHRQclNzNWJ1R0hHMjBheEY5dUFjVFV5SnBwOEJYcUdneW8zQl9HYmVKLWR3S2NLam5zQk1yV0VNSkxPaEllZw,cbmihgfbvv95cuxqbe4yzmw5ug1hd3rfzxzkunbudmdoq0vhzm16atruum95z05arwdzyke4t1fosmdiafjxd1bpvi1zzkjvq2hnbhrqclnznwj1r0hhmjbheey5dufjvfv5snbwoejycudnew8zql9hymvklwr3s2nlam5zqk1yv0vnskxpaellzw
pocketmonsters,CBMioAFBVV95cUxQV05TbUEtaC1kbDFsR3RsWldpUkQyX1B2VVdSY1I4aGkyZjVROVNNdnQyMnVsM2NuSFpXRm5HZ3BqZlZyNVZrRmFRalQzb0VSN0ViZEU2YnM4dnJhRE14bXRiTFZNckNhNV9JNkt0NU1wYkkwLVhxNEdJQ1BPTGFsNGpmV2dUQUotVTYzcWtWMGUtRkRDZUtjaVNwb05kS1I2,cbmioafbvv95cuxqv05tbuetac1kbdfsr3rswldpukqyx1b2vvdsy1i4agkyzjvrovnndnqymnvsm2nusfpxrm5hz3bqzlzynvzrrmfralqzb0vsn0vizeu2ynm4dnjhre14bxritfzncknhnv9jnkt0nu1wykkwlvhxnedjq1bptgfsngpmv2duquotvtyzcwtwmgutrkrdzutjavnwb05ks1i2
pocketmonsters,CBMiSkFVX3lxTE9nblU5WHY5M1FoWDZWN3Zaa2cyRE80Yi0zdGo3UmJfSVhGbk5hbmtETjFlZXBMaEhWY1otenVfMjB1UDZBWUNyMS1R,cbmiskfvx3lxte9nblu5why5m1fowdzwn3zaa2cyre80yi0zdgo3umjfsvhgbk5hbmtetjflzxbmaehwy1otenvfmjb1udzbwunyms1r
pocketmonsters,CBMickFVX3lxTFBQY3haRndFdHdJcEFjTkpQdVV5U29JNDVLZlVEb0ktVHZOTTg2Sy1IbWQ4dXl3UFZiMmxQZkNFN2l4bWhzZ3VXQU5GLUc4anlFQVQ2QUJaUXFjQmxVNW9lQ1dHaWlzRnJQNVV1VVVMTklpUQ,cbmickfvx3lxtfbqy3harndfdhdjcefjtkpqdvv5u29jndvlzlveb0ktvhzottg2sy1ibwq4dxl3ufzimmxqzknfn2l4bwhzz3vxqu5gluc4anlfqvq2qujauxfjqmxvnw9lq1dhawlzrnjqnvv1vvvmtklpuq
pocketmonsters,CBMihAFBVV95cUxOQkxlOFE3bFVEUTBSeXRPLXMtYXdxbzdPbHJ5SUVXXzVsbHYxNkItSHdSUUpUdUNFZFNaNm1QbW9aclhpdE9sS0o2WUpLaGRGUWIzTGxpTVZnSWtTZVktVVVRNXJlcEV3VFZsa3BwQjZKTWtKREZUWUNHVkV1aFVldExpU1Q,cbmihafbvv95cuxoqkxlofe3bfveutbsexrplxmtyxdxbzdpbhj5suvxxzvsbhyxnkitshdsuupudunfzfnanm1qbw9aclhpde9ss0o2wuplagrguwiztgxptvznswttzvktvvvrnxjlcev3vfzsa3bwqjzktwtkrezuwunhvkv1afvldexpu1q
pocketmonsters,CBMiUEFVX3lxTE1Kemo2TjJRYVg0b0NqNUFUdWI3OXNUMDE1WE1tZElkNUFzUEEzVi05dlUxem00T2dDS3JWVmtOOE9ZQXRIOWFqX3RyZnpRaDMy,cbmiuefvx3lxte1kemo2tjjryvg0b0nqnufudwi3oxnumde1we1tzelknufzueezvi05dluxem00t2dds3jwvmtooe9zqxriowfqx3ryznpradmy
pocketmonsters,CBMiQkFVX3lxTFA4MXVuZmVsODZuVXdkR2hUbk5lYnFJN1RRQnhJSFBRbFpoUXVCUDZVNHlqWTNBRlI2M2pkUnl0eW5Wdw,cbmiqkfvx3lxtfa4mxvuzmvsodzuvxdkr2hubk5lynfjn1rrqnhjsfbrbfpouxvcudzvnhlqwtnbrli2m2pkunl0ew5wdw
pocketmonsters,CBMihAFBVV95cUxQUXNIYXNsRGtZaWhRaktRd3Z1WXY0dVZSOVdfeVVDVjRLMFVyaFFELTRFcWVLUmRXV1QzS0xBTDl5a3B3NUZrbmF2bFV3djhCMWpVUVZXVWJNNWpPNGduR3BkZFVGY1RibFJ3VWhFRXU4VC1TWWdsQmhlRk1KZ1Z1Vmxvb18,cbmihafbvv95cuxquxniyxnsrgtzawhraktrd3z1wxy0dvzsovdfevvdvjrlmfvyaffeltrfcwvlumrxv1qzs0xbtdl5a3b3nuzrbmf2bfv3djhcmwpvuvzxvwjnnwppngdur3bkzfvgy1ribfj3vwhfrxu4vc1twwdsqmhlrk1kz1z1vmxvb18
pocketmonsters,CBMiRkFVX3lxTE5zTVZGbW9IdnVXbE03bGpjSTNlNW5ZdWpfMEFwbnRLU2RESDRvUTEwRTZVbk1nU3FzYlczM2k3Y3dwNmtkaUE,cbmirkfvx3lxte5ztvzgbw9idnvxbe03bgpjstnlnw5zdwpfmefwbnrlu2resdrvutewrtzvbk1nu3fzylczm2k3y3dwnmtkaue
pocketmonsters,CBMigwFBVV95cUxQVHRlcFBqR0l0UUhsbm9DMEc2X1gzSjhmT2V0Mk1BOUZBQVJwLTBDdHJVSHBjY1RyUkVOQmhJNzl5bEQ0Y3RXV0dpM3pvUFVoQ2Z3RFRISkRyZzFQaUtwNHp5VEhMWXpIV29LOThNX2d1RlY0a1ZTYXdRS2NKR3g2MnhSTQ,cbmigwfbvv95cuxqvhrlcfbqr0l0uuhsbm9dmec2x1gzsjhmt2v0mk1bouzbqvjwltbddhjvshbjy1ryukvoqmhjnzl5beq0y3rxv0dpm3pvufvoq2z3rfriskryzzfqautwnhp5vehmwxpiv29lothnx2d1rly0a1ztyxdrs2nkr3g2mnhstq
pocketmonsters,CBMiaEFVX3lxTE1KOG40LWh6d24tVDVkb3hTcXhJNVAwVmZKbGs4Q1NBYXJ4SjBaakp6WGdsdnpJckVYdnB3MHpvRHFEbHcxd2pzRmpJSXdTdENTUkJ5aVM5WGFBQ2ZsV2lTdmZMOGx3ZkZF,cbmiaefvx3lxte1kog40lwh6d24tvdvkb3htcxhjnvawvmzkbgs4q1nbyxj4sjbaakp6wgdsdnpjckvydnb3mhpvrhfebhcxd2pzrmpjsxdtdentukj5avm5wgfbq2zsv2ltdmzmogx3zkzf
pocketmonsters,CBMiZkFVX3lxTE5UOTV5TkhncURPSkQtV2dCalVOaGkzWFp5anNkT1cxYnhVWm1CdFEzNjktVTNVZXVHUnlQQ1Jlb1BaSmNwQjZMdWRVVm1QeS04TzNXZmx6eERMWW50ekJNUmNkaVUwUQ,cbmizkfvx3lxte5uotv5tkhncurpskqtv2dcalvoagkzwfp5annkt1cxynhvwm1cdfeznjktvtnvzxvhunlqq1jlb1basmnwqjzmdwrvvm1qes04tznxzmx6eermww50ekjnumnkavuwuq
pocketmonsters,CBMiuwFBVV95cUxQY1U1WGUxNzRuZ19YRFNEZHEzNC12dTlYbC1hS19SZ3FhZGJXWHdCTnJSX256X1FjQVRMWnc3THhEeW5yWVV4dmlWdHBpa241c0FzQVJIUXdzSkpwMU91RGdNWEs4SG84NzhnQnFtRV9ESlBFUVFIc0FNT3pfbU45VDVpdFk5RUJJU0ZZeGZJNzFUSjJ4T0VIXzR4b01kREVWelhlSzA2RkRESkxuSlJMb1pvZWVNa0lUZ0xN,cbmiuwfbvv95cuxqy1u1wguxnzruz19yrfnezheznc12dtlybc1hs19sz3fhzgjxwhdctnjsx256x1fjqvrmwnc3thheew5ywvv4dmlwdhbpa241c0fzqvjiuxdzskpwmu91rgdnwes4sg84nzhnqnftrv9eslbfuvfic0fnt3pfbu45vdvpdfk5rujju0zzegzjnzfusjj4t0vixzr4b01krevwelhlsza2rkreskxusljmb1pvzwvna0luz0xn
pocketmonsters,CBMiqwFBVV95cUxOMlUydURQT1JCV1p1Qkx0ZGN5dEdaNWd1ZTk5SGhYNUJVTk9XcWVYRkFTeUFHdzdvWHNmLXNKZnVTTllNWVVtbTFKbkRFcGtKLTZ4dG9kZzhXTVpTaDVoSGlRV3Vic3dmY2JlM2tsY0I4N05FRHVOWVlSZVFFLTgxVFRhcmNFZU92WXAwTkhwSEtiZzRNOThWZWpGaWZlWXItT0VCcXVrNjE4TjQ,cbmiqwfbvv95cuxomluydurqt1jcv1p1qkx0zgn5dedanwd1ztk5sghynujvtk9xcwvyrkfteufhdzdvwhnmlxnkznvttllnwvvtbtfkbkrfcgtkltz4dg9kzzhxtvptadvosglrv3vic3dmy2jlm2tsy0i4n05frhvowvlszvffltgxvfrhcmnfzu92wxawtkhwsetizzrnothwzwpgawzlwxitt0vccxvrnje4tjq
pocketmonsters,CBMickFVX3lxTE1LR2hrU1pwVXBWc0VOWjZVc05BaTJvU24yMjI1TVo1VFQySlphUDdnQ3BIZW5SaGxBRTZTdmtPeFZ6ckdDampIX1BWNm9tVndfZ1E1Z1RMY2RhZi1oSlczYTVBN1hBMVpnVU9SenprTlh6QQ,cbmickfvx3lxte1lr2hru1pwvxbwc0vowjzvc05batjvu24ymji1tvo1vfqyslphuddnq3bizw5sagxbrtztdmtpefz6ckddampix1bwnm9tvndfz1e1z1rmy2rhzi1oslczytvbn1hbmvpnvu9senprtlh6qq
pocketmonsters,CBMigAFBVV95cUxOZkxMOUJVRnNoS3E4amdRVzl3Tl9KQnhETWh2am4tc2JSTV9HS3dIcmRoS0hzU2pScXdPWGZfTXE2QkRCMVBUdzU3YWlZeDU4aUpmT1ZUeHZHN043VEtnQS01aFJyWTI4dVZRb0xyVC16SHBmUkdiMFl4WV9EOVc2Rw,cbmigafbvv95cuxozkxmoujvrnnos3e4amdrvzl3tl9kqnhetwh2am4tc2jstv9hs3dicmros0hzu2pscxdpwgzftxe2qkrcmvbudzu3ywlzedu4aupmt1zuehzhn043vetnqs01afjywti4dvzrb0xyvc16shbmukdimfl4wv9eovc2rw
pokeguardian,CBMiVkFVX3lxTE1DdWxnYXRHaWNhSHJ3YTBsaU1kV21YNzdHNWZQR3hBLUlHUG04amJiTDVDdElxUF8zbXhwVnFTWG1aNlJ2WGZveGxEQ0d5NWtfSHQ1SXJn,https://news.google.com/rss/articles/cbmivkfvx3lxte1ddwxnyxrhawnhshj3ytbsau1kv21ynzdhnwzqr3hblulhug04amjitdvddelxuf8zbxhwvnftwg1anlj2wgzvegxeq0d5nwtfshq1sxjn
pokeguardian,CBMipgFBVV95cUxPckJxc2pNd05VXzRxaFlyb1FhY1lIbG92Y2loNjhpcFdyaGd3YVJRWEIwOWxGM1dETzY5SWd2T1A2Tmc3cWdPdXZFSEFPVnRpUGdxNXJkVHlEeHNyT3Yzd2NGTkgzalh5LVdpMmM2OWtlbVROa00tSnY4S1dOek1zRWwzSWtjc3hmY09BSHRZUUVKWFU1eGoxQUtmNFV4RlNEZEFZek1R,https://news.google.com/rss/articles/cbmipgfbvv95cuxpckjxc2pnd05vxzrxaflyb1fhy1libg92y2lonjhpcfdyagd3yvjrweiwowxgm1detzy5swd2t1a2tmc3cwdpdxzfsefpvnrpugdxnxjkvhleehnyt3yzd2ngtkgzalh5lvdpmmm2owtlbvroa00tsny4s1doek1zrwwzswtjc3hmy09bshrzuuvkwfu1egoxqutmnfv4rlnezefzek1r
pokeguardian,CBMixgFBVV95cUxNelozUlMyaGFReVNNblVMMUYtLTdBeDNUdlozSVE5bFlnY0VZbzFKSDVnU3lBbElpQzh2UG90cWRRTUtiTVRGU2dTXzRuUGxFM2lTNmVtaFZockc5V21BcEdheGdXZ1k1U0Vocks4UmVBdWw5ZzBoU1BrY2x1YW8xejhfbHQ2N1R3Mm5hNGhRZ0dXQld3NTJKWUMzT0RWaHlqYVZEdjQyZUJYMFQzdFB3Y2lGejBtNmxVTWlCelE4ZDFVZ1V6Qmc,https://news.google.com/rss/articles/cbmixgfbvv95cuxnelozulmyagfrevnnblvmmuytltdbednudlozsve5bflny0vzbzfksdvnu3lbbelpqzh2ug90cwrrtutitvrgu2dtxzruugxfm2ltnmvtafzockc5v21bcedhegdxz1k1u0vocks4umvbdww5zzbou1bry2x1yw8xejhfbhq2n1r3mm5hnghrz0dxqld3ntjkwumzt0rwahlqyvzedjqyzujymfqzdfb3y2lgejbtnmxvtwlcele4zdfvz1v6qmc
tcgplayer,CBMiakFVX3lxTE44ci1mNEY4a0VhblVpQzdNRFlCU09VOXZ2SmZoNmFKSC1pNGJVTlVxeUpDRFdTLVU0c3hyV3FmcGxaUE1HYXFxZ0daWWVYZUpaMlZzX3B1WUc0U3Z0R0FjdmdMQVphRzZqbGc,https://news.google.com/rss/articles/cbmiakfvx3lxte44ci1mney4a0vhblvpqzdnrflcu09voxz2smzonmfksc1pngjvtlvxeupdrfdtlvu0c3hyv3fmcgxaue1hyxfxz0dawwvyzupamlzzx3b1wuc0u3z0r0fjdmdmqvphrzzqbgc
tcgplayer,CBMiuAFBVV95cUxPekgteENkaWVSWV84bElUcmgtblkzMVpLT2lIVzF6bkRBdTg4Z01yOGo4bmt3Y2ZZcTl4eDN4eWJYS09XWk0tTW4zMHpfWW5rSVpkZ0pFR2hLODR5U05DS3JnNXg4UGdybk5fUDV6dXlHVmxZUUk5MGJlMDRFNjBmMldzSm91NF8zV2FQR193bllqaU02dHJHVGpXVG1OaUxkR24yM3JPbzc5MHRLRTBsMkF1VDREV29K,https://news.google.com/rss/articles/cbmiuafbvv95cuxpekgteenkawvswv84belucmgtblkzmvplt2livzf6bkrbdtg4z01yogo4bmt3y2zzctl4edn4ewjys09xwk0ttw4zmhpfww5rsvpkz0pfr2hlodr5u05ds3jnnxg4ugdybk5fudv6dxlhvmxzuuk5mgjlmdrfnjbmmldzsm91nf8zv2fqr193bllqau02dhjhvgpxvg1oauxkr24ym3jpbzc5mhrlrtbsmkf1vdrev29k
tcgplayer,CBMiyAFBVV95cUxPTHpZaWY2QzV4Q2c1a3QtRzhwbW1idlBFNW5jRThoUTVmcjdGdjZyOGEwZDNOVDZmUWJwNVJvVndiSjR6VlE5LW1fZkZOdFZBdGgzVmFqNlFjcXUyYXAxTTRxbHhUa3Q4MFhTUTY2TUNBRXN1UUtpS0J1dnQwaWQtTU9ZcnlEbnVXOXpLRUdPam1hNFlONEV4Z3ZtYXNEYVdlTGQ0ak5RODdUeUV1T1FGMDBJNm01VHhRcUtHQTZTQVc5ZW5sUE5lUw,https://news.google.com/rss/articles/cbmiyafbvv95cuxpthpzawy2qzv4q2c1a3qtrzhwbw1idlbfnw5jrthoutvmcjdgdjzyogewzdnovdzmuwjwnvjvvndisjr6vle5lw1fzkzodfzbdggzvmfqnlfjcxuyyxaxttrxbhhua3q4mfhtuty2tunbrxn1uutps0j1dnqwawqttu9zcnlebnvxoxplrudpam1hnflonev4z3ztyxneyvdltgq0ak5roddueuv1t1fgmdbjnm01vhhrcuthqtztqvc5zw5sue5luw
pokeguardian,CBMiTkFVX3lxTE5oc1duM3oxQWpjOU5VNTcwT3M2NW9YQ1BsamRVaVByYU1NYjFaak1ScC0xXzVIMnhGcW93T2J5TGlieVlRRHQxZ1hLRldOdw,https://news.google.com/rss/articles/cbmitkfvx3lxte5oc1dum3oxqwpjou5vntcwt3m2nw9yq1bsamrvavbyyu1nyjfaak1scc0xxzvimnhgcw93t2j5tglievlrrhqxz1hlrldodw
tcgplayer,CBMisAFBVV95cUxPeUJwS2piRmo3bi13cDA2U3ZYcTBiNzBoRmJpT1hiVFRhNnp3WXV6cXNoeXNxeUJUMU4wWjZGU1BtSkhfMmhRb1c3eVlNangwcVJmOEQ4RERVUGJoWlg4bXBRVjJpUlFmSFZMSWNTMFNJLTJpRGpZT2dwQjNoMV9PbDJtd3lhY0Z1RVBLZFhXWXFha0RKNzRnZU9GTXAyWFJoeldiU3dxbGtPUlJoWGFOVA,https://news.google.com/rss/articles/cbmisafbvv95cuxpeujws2pirmo3bi13cda2u3zyctbinzbormjpt1hivfrhnnp3wxv6cxnoexnxeujumu4wwjzgu1btskhfmmhrb1c3evlnangwcvjmoeq4rervugjowlg4bxbrvjjpulfmsfzmswntmfnjltjprgpzt2dwqjnomv9pbdjtd3lhy0z1rvblzfhxwxfha0rknzrnzu9gtxaywfjoeldiu3dxbgtpuljowgfova
tcgplayer,CBMiogFBVV95cUxQemZWWUJOcDJjcnlhM3pDN2ZkWnNlc2hzN2lBb0lHMWlwOVBQUXQxM2tFN1RLRzJkb2NXd19PVFNaVkpXX19hWHQ3TzdJM0VMdlhGalZDZFgyaF9KVlhOWEpNdDgyX3E2UzV0aDlyaGV3VWFBU0NjSFZIRUtJbmZ4aVNWQjgta2JES3lnV1JSWWFycHN5cUxkZV81Ym9iQUluWUE,https://news.google.com/rss/articles/cbmiogfbvv95cuxqemzwwujocdjjcnlhm3pdn2zkwnnlc2hzn2lbb0lhmwlwovbquxqxm2tfn1rlrzjkb2nxd19pvfnavkpxx19hwhq3tzdjm0vmdlhgalzdzfgyaf9kvlhowepnddgyx3e2uzv0adlyagv3vwfbu0njsfzirutjbmz4avnwqjgta2jes3lnv1jswwfychn5cuxkzv81ym9iquluwue
tcgplayer,CBMijwFBVV95cUxPb05yck1SOFB3Y1lPS3Z1LUV4T1hUMXpGWDNwWFA3RldSNlcwanA4bEhFNV9QR01FNVByXzNTWXVWRzlPaVltQlVWZTVBVzFtRHBNV2RWSjh1aEdlRFVkQy1OYUl4a2xjekpjLVRiVDI5cVAzZlIwenpTZTgxekE2NEdvUmU1cjA4cVhEX2lySQ,https://news.google.com/rss/articles/cbmijwfbvv95cuxpb05yck1sofb3y1lps3z1luv4t1humxpgwdnwwfa3rldsnlcwana4behfnv9qr01fnvbyxzntwxvwrzlpavltqlvwztvbvzftrhbnv2rwsjh1aedlrfvkqy1oyul4a2xjekpjlvrivdi5cvazzliwenptztgxeke2nedvumu1cja4cvhex2lysq
tcgplayer,CBMiuAFBVV95cUxQOFBYZ0M0VXc4b1Q5LWtqUVFuODdBaEZ4LTFDY2R0bUcwTmxjSXdReHN5d2JPaFNhak4zTzNKN282QUE5bE5vSDQwVVBFNGZvbkw3Y05mQ1NDNC10Vk9ienBTOVVUWTRpSk5SWGFGaUJINUhKeVBhTEl0YnBnc0Q2VE0zRktFNkVQZUlXQi16b3hHVnpoMmRPWVZna3hOMmt2RzVmVXlJT3FrN29sRFplWlJWUHMxTnE5,https://news.google.com/rss/articles/cbmiuafbvv95cuxqofbyz0m0vxc4b1q5lwtquvfuoddbaez4ltfdy2r0bucwtmxjsxdrehn5d2jpafnhak4ztznkn282que5be5vsdqwvvbfngzvbkw3y05mq1ndnc10vk9ienbtovvuwtrpsk5swgfgaujinuhkevbhtel0ynbnc0q2ve0zrktfnkvqzulxqi16b3hhvnpommrpwvzna3hommt2rzvmvxljt3frn29srfplwljwuhmxtne5
tcgplayer,CBMiogFBVV95cUxNeUdwWnByZmUwZ2V2dU1xQXdMdlowNFlITWZVUjd5eTRoTHRiSDdmUnczUWxyTmExVTZIaWlpY1RETEpKTmd6c2w4a1BkdWNqbHUxSzhDM0ppWXRhSks4Qno0UWJTMi0zVXgxbENKeENrQjNsUVJCYkQzZGdKSEt4OEZtZ0hoUXVEXzVTSjhkSFU1ZEhqSXg4MmtVNnk5QzY5SVE,https://news.google.com/rss/articles/cbmiogfbvv95cuxneudwwnbyzmuwz2v2du1xqxdmdlownflitwzvujd5etrothrisddmunczuwxytmexvtziawlpy1retepktmd6c2w4a1bkdwnqbhuxszhdm0ppwxrhsks4qno0uwjtmi0zvxgxbenkeenrqjnsuvjcykqzzgdkset4oeztz0houxvexzvtsjhksfu1zehqsxg4mmtvnnk5qzy5sve
tcgplayer,CBMihgFBVV95cUxQTXB0d1k2Y1NsMEQ5emVpaTdDLXdfbG1hOGYtOVB3MHA1Wkp6bFF1Qmt1ZlNQRjh6YThScmlFbkQ0b01HOHpYdExNVE1ldFltOHRNYnI3VERmVzctZW5tNkZ5SmRzaWtGZmRBdENHTjEwUnpRb2doZ1FmTmxXRGxadXJMbnFCUQ,https://news.google.com/rss/articles/cbmihgfbvv95cuxqtxb0d1k2y1nsmeq5emvpatddlxdfbg1hogytovb3mha1wkp6bff1qmt1zlnqrjh6ythscmlfbkq0b01hohpydexnve1ldfltohrnyni3vermvzctzw5tnkz5smrzawtgzmrbdenhtjewunprb2doz1fmtmxxrgxadxjmbnfcuq
pokeguardian,CBMiogFBVV95cUxOQzNwWmhGNlNHQnl4QkE1am5VX3NVSmdraXZoRVBRdE1YUEhjYmJzT0s2S0hERmxXVHoxNXdvN09tYlladWl5NHR0WlVXWURCS1VXa2NEa0t5MXl5QmlqeG50RldtRzkyTGkzZGZRUUtCTmxFX0VKcUc0dDFqTHRhT2JqeFp2a0RIeWRVTndFZHBDdnA3UVRUMlp1OHlyelBjNEE,https://news.google.com/rss/articles/cbmiogfbvv95cuxoqznwwmhgnlnhqnl4qke1am5vx3nvsmdraxzorvbrde1yuehjymjzt0s2s0hermxxvhoxnxdvn09tylladwl5nhr0wlvxwurcs1vxa2nea0t5mxl5qmlqeg50rldtrzkytgkzzgzruutctmxfx0vkcuc0ddfqthrht2jqefp2a0riewrvtndfzhbddna3uvrumlp1ohlyelbjnee
pokeguardian,CBMinwFBVV95cUxNR3Z3YkwyRWx0ZU9XTmhuckRzcVpkRjNmX0hTajQwM28yS2U3XzVXWEgtSk1ydlNpeU00S3hnZW1FeXlQNmlaM3Y5akZ6eGY0WkdPMUpxNk4wby1PRTJGMklKY2xTMjNhWjE1dE0tRVZiTVFBcnpOaVNTdXQ5N0tfbHRJMXVVdExGRTItQ3lwZ2t4NG5XcTg2aGFqbjlNV2s,https://news.google.com/rss/articles/cbminwfbvv95cuxnr3z3ykwyrwx0zu9xtmhuckrzcvpkrjnmx0htajqwm28ys2u3xzvxwegtsk1ydlnpeu00s3hnzw1fexlqnmlam3y5akz6egy0wkdpmupxnk4wby1prtjgmklky2xtmjnhwje1de0trvzitvfbcnpoavntdxq5n0tfbhrjmxvvdexgrtitq3lwz2t4ng5xctg2agfqbjlnv2s
tcgplayer,CBMioAFBVV95cUxONkk2T25odXA3NUdZSW9uQTRIbnRaZWE5VU5YYW4za2tXMDMwY0kxSGRHWGg0d25WZldfM01BZS05a0YyVTFidmpQZW9KTk9GSU1YZzFyVjg1dl9IalFoeXhkLTZCNDZ6eEhsZjFNc0lhb2ZNcVhxVG1DMFVIOFFuaFZ0dVgtMFhDanB1NEZadV9fLVBobFNFcTVCRVFqWFJr,https://news.google.com/rss/articles/cbmioafbvv95cuxonkk2t25odxa3nudzsw9uqtribnrazwe5vu5yyw4za2txmdmwy0kxsgrhwgg0d25wzldfm01bzs05a0yyvtfidmpqzw9ktk9gsu1yzzfyvjg1dl9ialfoexhkltzcndz6eehszjfnc0lhb2zncvhxvg1dmfvioffuafz0dvgtmfhdanb1nezadv9flvbobfnfctvcrvfqwfjr
tcgplayer,CBMiwgFBVV95cUxOQTlySjhZam9SNHdKSnBfbFhSYVdpeVBCbGpBVzZaWTJZdE5ueVlSbXdWYmttcFRGMGxQODhNclVxcXhMMEgzUGUtVWE2Vm9waHlKSXZyeFRfRmZXYm5QZWFQUXVJMEdON0Q5Unh6NnhWMVNEQTd4MUpwSFhxX0hCeVpFc2RtZENOeDRKQ0w3c19PUmF0LVhiY0djTkFhOUdnVzk0eDJvWkJ0RDN1NVozRFBhQTU4OE02YThCZXdqYlFCdw,https://news.google.com/rss/articles/cbmiwgfbvv95cuxoqtlysjhzam9snhdksnbfbfhsyvdpevbcbgpbvzzawtjzde5uevlsbxdwymttcfrgmgxqodhnclvxcxhmmegzugutvwe2vm9wahlksxzyefrfrmzxym5qzwfquxvjmedon0q5unh6nnhwmvneqtd4mupwsfhxx0hcevpfc2rtzenoedrkq0w3c19pumf0lvhiy0djtkfhoudnvzk0edjvwkj0rdn1nvozrfbhqtu4oe02ythczxdqylfcdw
tcgplayer,CBMikAFBVV95cUxPXzAyaTNkaDNTTzE4RW9XTmpDdnkxUnFwdW5BT2VtVDQ0TUFDZzBFclJ5SFBJeW9ZWUlMUGswcHJUdzItSk5EaUczckx2THg1Znh4bGRYeFloZGMzOFhQcllkQUo2THVMWm9EUlVJLXdiLVBxZ21TVHIydlI1alh3dkNPNmtweVdFWjAtbUwyWFk,https://news.google.com/rss/articles/cbmikafbvv95cuxpxzayatnkadnttze4rw9xtmpddnkxunfwdw5bt2vtvdq0tufdzzbfclj5sfbjew9zwulmugswchjudzitsk5eauczckx2thg1znh4bgryeflozgmzofhqcllkquo2thvmwm9eulvjlxdilvbxz21tvhiydli1alh3dknpnmtwevdfwjatbuwywfk
tcgplayer,CBMiggFBVV95cUxPX0Nyc3lfdEZfYUQwdjdiT3ZlVldGc3pmWDFkSlBmS0JvWGFPRWhUazNDeHZWQVJNVHloT1paanVPVk1VRjFSaGU3djNPRG5yX3lOWkNkT29VV1dMNHhkY3NSR3RUbkR4cFF0N2stTGgxRks0QjdkUUV6NWh4eVI2NDJR,https://news.google.com/rss/articles/cbmiggfbvv95cuxpx0nyc3lfdezfyuqwdjdit3zlvldgc3pmwdfkslbms0jvwgfprwhuazndehzwqvjnvhlot1paanvpvk1vrjfsagu3djnprg5yx3lowknkt29vv1dmnhhky3nsr3rubkr4cff0n2sttggxrks0qjdkuuv6nwh4evi2ndjr
tcgplayer,CBMi2AFBVV95cUxNclFSNS1FZWw1UFg5UWZ3cFJGY0tMem92emVCZG5vUUtVRmpNaEEzUk9zWkRndHlVS1EzSkcteUpRamlaT283OTNkTzA2N0NqbXRKakRHWE5aa3h0a3NaTGFkR251QmRPeFo3eXNiNWtndGIyeVlaT0RxNEllbjBoLW5NRjNBQVd6QVpUS2VOZl9UOWVzeVBrR2w4UjR4bVBmLU5VRnM5NFh1UTJJTTJpQnRQdWxZNnJ2UjNibGN2MEU3M2k4VlhWcERhSzU5VTM0N2JBRnQ4cU4,https://news.google.com/rss/articles/cbmi2afbvv95cuxnclfsns1fzww1ufg5uwz3cfjgy0tmem92emvczg5vuutvrmpnaeezuk9zwkrndhlvs1ezskcteupramlat283otnktza2n0nqbxrkakrhwe5aa3h0a3natgfkr251qmrpefo3exninwtndgiyevlat0rxnellbjbolw5nrjnbqvd6qvpus2vozl9uowvzevbrr2w4ujr4bvbmlu5vrnm5nfh1utjjttjpqnrqdwxznnj2ujnibgn2meu3m2k4vlhwcerhszu5vtm0n2jbrnq4cu4
tcgplayer,CBMi1wFBVV95cUxOT3BXQkxiN0cxUVpxUlF1MVV0bk1OYmFfTl9ZZW45dmV4eWU4Uy1Ya0N1VjNjQXd2VTByRTZvT2FYNW02T05CMXFyaXBQak1HZVJQV0YtN0JzMzd2bTl5M2pHOGE5UUtxVGtaYmZwVjR4RUNlZ2V1aG5Xc1Y0bWUtYXRoSHJ1c1JHZFdrZWNTUXZvWEdkSlh1a3hJT1VYTDVWTDgtcktqZ3hkT1p2cVVObXNXb2pXTkRqSEk0SkNwTmlMZEFTbEVPVW1oZDFnOFNNcWx1RE9Paw,https://news.google.com/rss/articles/cbmi1wfbvv95cuxot3bxqkxin0cxuvpxulf1mvv0bk1oymfftl9zzw45dmv4ewu4uy1ya0n1vjnjqxd2vtbyrtzvt2fynw02t05cmxfyaxbqak1hzvjqv0ytn0jzmzd2btl5m2phoge5uutxvgtaymzwvjr4runlz2v1ag5xc1y0bwutyxroshj1c1jhzfdrzwntuxzvwedkslh1a3hjt1vytdvwtdgtcktqz3hkt1p2cvvobxnxb2pxtkrqsek0sknwtmlmzeftbevpvw1ozdfnofnncwx1re9paw
tcgplayer,CBMixgFBVV95cUxOdXZyeVhhSGdxM0hoVHhDT1lITDdBckhRWks2dzAyNTNqY1o5bXJnUlFKQTZsNUJvTEppZ0VCekh4M3J4WVJOX2h6Y3ltY0lUQWFJbGoyMWh0ZEJ6bTBSa19LV29jMDBONFpyTWg3Zm0wQlRYeFJpVlo1U1dpbVQ5Q1ctS0xNM2p3amVtVTBGYkVKMFZlVmxuQ3JkbmlCekM2ODFhTVhLV0REZEdKWXVhUkxSNlBvX3dSby1GTmZ2T3B6cklTalE,https://news.google.com/rss/articles/cbmixgfbvv95cuxodxzyevhhsgdxm0hovhhdt1litddbckhrwks2dzayntnqy1o5bxjnulfkqtzsnujvteppz0vcekh4m3j4wvjox2h6y3lty0luqwfjbgoymwh0zej6btbsa19lv29jmdbonfpytwg3zm0wqlryefjpvlo1u1dpbvq5q1cts0xnm2p3amvtvtbgykvkmfzlvmxuq3jkbmlcekm2odfhtvhlv0rezedkwxvhukxsnlbvx3dsby1gtmz2t3b6ckltale
pokenews,CBMiPEFVX3lxTE5Sbk9fM0wzRkN4TnJrb0swWVlKNUFqbVJMeVNqUzZtU3ZTMUhIZTFrUzZpZVFFbXZROTltRg,https://news.google.com/rss/articles/cbmipefvx3lxte5sbk9fm0wzrkn4tnjrb0swwvlknufqbvjmevnquzztu3ztmuhiztfruzzpzvffbxzrotltrg
pocketmonsters,CBMiPEFVX3lxTE5Sbk9fM0wzRkN4TnJrb0swWVlKNUFqbVJMeVNqUzZtU3ZTMUhIZTFrUzZpZVFFbXZROTltRg,https://news.google.com/rss/articles/cbmipefvx3lxte5sbk9fm0wzrkn4tnjrb0swwvlknufqbvjmevnquzztu3ztmuhiztfruzzpzvffbxzrotltrg
tcgplayer,CBMiiwFBVV95cUxQVXBoMTlfcWk5RTlWTnQ2SGF6aFVkVWFORVZEeUsyemtsVTNkaFQ3d3N6NHUyWU9DU0d6UlZmR1BJYXFxc3JOYlBld04yM2c3UW1vM3dpcUFka0lGeTNsX2NyRXhvS2M5NkgwdVNJb2o1SldOX24wOWY3VlpHYUVOR0Y0aVRPWDUxdGFR,https://news.google.com/rss/articles/cbmiiwfbvv95cuxqvxbomtlfcwk5rtlwtnq2sgf6afvkvwforvzeeusyemtsvtnkafq3d3n6nhuywu9du0d6ulzmr1bjyxfxc3joylbld04ym2c3uw1vm3dpcufka0lgetnsx2nyrxhvs2m5nkgwdvnjb2o1sldox24wowy3vlphyuvor0y0avrpwduxdgfr
pokeguardian,CBMixgFBVV95cUxNN0wzdER2RzQtendtOG91V1c5TFZmVC1hOHgzTTh0aDFRSHczbW9QcGo5a25zZTEzM3R6UFFJa1NycmFnbWF1Z213a3V0YmdHVWJGTkV6cnB2MHJGMlk1a2V0Rk1BMnBGV3dfUjZEZ09QU2trcGRrdERNNWp0VXAxVlpyVl91OFFzM01vYlU3MUo1UGd6NWp3Z1pMNk5uSjBZazNoRUgtWE9tQXoyVXVyQkozaGtZUFFuOGZGN3FpLThyUHJ1Rnc,https://news.google.com/rss/articles/cbmixgfbvv95cuxnn0wzder2rzqtendtog91v1c5tfzmvc1hohgztth0adfrshczbw9qcgo5a25zztezm3r6uffja1nycmfnbwf1z213a3v0ymdhvwjgtkv6cnb2mhjgmlk1a2v0rk1bmnbgv3dfujzez09qu2trcgrrdernnwp0vxaxvlpyvl91offzm01vylu3muo1ugd6nwp3z1pmnk5usjbzaznorugtwe9tqxoyvxvyqkozagtzuffuogzgn3fplthyuhj1rnc
pokeguardian,CBMiwwFBVV95cUxQYkNrQXJYZDEwNjU0UHgwUGlWc084MlQ1azBOSXZkalVGdXhUaWQ2TzNHYll3VkdmaE5YSHZCU3h6dkFLbm1rOW01a0xQZHlieWRVMi1GV1g0UXcteU1hUm41MUZjUy1XSHJkRzhMZDE4cFVNM05iT3dXeUZPSW9OTzVSTGFObnUzOWhFdXBKb1h5dC1CcGw4TEVLcV9nXzR4U0JTYjdwUUJiV0t1LWZIY21nRXZmaENLUzZBakFCV1R0cjg,https://news.google.com/rss/articles/cbmiwwfbvv95cuxqyknrqxjyzdewnju0uhgwuglwc084mlq1azbosxzkalvgdxhuawq2tznhyll3vkdmae5yshzcu3h6dkflbm1row01a0xqzhliewrvmi1gv1g0uxcteu1hum41muzjuy1xshjkrzhmzde4cfvnm05it3dxeuzpsw9otzvstgfobnuzowhfdxbkb1h5dc1ccgw4tevlcv9nxzr4u0jtyjdwuujiv0t1lwziy21nrxzmaenluzzbakfcv1r0cjg
pokeguardian,CBMikgFBVV95cUxNdVpkVzJLeGFjQmRjc3pWT295dkVnUWJiWWFkTHlLdGJpZnNKUnlRVXdpWUJUeUNVT1BlbUNKSEhseDY1LVI0MDJOVVUxX1hCT01KRjdOb0x1TnhDN1BaYTBpQXFsX3RVZlpSWWNDZlM4ejdaVTh4VGF1MmI2U0tVbmJrTXJWNGhhSVl1aWl6UE9kdw,https://news.google.com/rss/articles/cbmikgfbvv95cuxndvpkvzjlegfjqmrjc3pwt295dkvnuwjiwwfkthlldgjpznnkunlrvxdpwujueunvt1blbunksehsedy1lvi0mdjovvuxx1hct01krjdob0x1tnhdn1baytbpqxfsx3rvzlpswwndzlm4ejdavth4vgf1mmi2u0tvbmjrtxjwnghhsvl1awl6ue9kdw
tcgplayer,CBMif0FVX3lxTE9kU1Z6NWhaV3hHbURQbE9fSGRzLWswYk9WUVhBVGhyYlJyT09kZnZlN1lHNzNxMGpkenMtMS1rcktCVU5yRFJfZUl4a2doeTlCakJETms2TTh6ci1CSXc0aEFNWmFGRWdPYnNoN25mQzRBQ1kzVEN3U2MtXzUwZ1U,https://news.google.com/rss/articles/cbmif0fvx3lxte9ku1z6nwhav3hhburqbe9fsgrzlwswyk9wuvhbvghyyljyt09kznzln1lhnznxmgpkenmtms1rcktcvu5yrfjfzul4a2doetlcakjetms2tth6ci1csxc0aefnwmfgrwdpynnon25mqzrbq1kzven3u2mtxzuwz1u
pokeguardian,CBMiiAFBVV95cUxPZEtrLWkyeWd2ZzZQN3hkQ1BQWFdoMkUtS0JlWTl6SXdRSUtXVkZZS0JJMTZxcjRMYnBnaVgtWHVKeFljcjVieFhjdF9GbVg3dTg5WUUyUjF1dm9PUDVueF8wWTFvNUN4dDdIbllralVMUGhFcXBwZXZnVGpMd0lzTnQxUURuREp5,https://news.google.com/rss/articles/cbmiiafbvv95cuxpzetrlwkyewd2zzzqn3hkq1bqwfdomkuts0jlwtl6sxdrsutxvkzzs0jjmtzxcjrmynbnavgtwhvkefljcjviefhjdf9gbvg3dtg5wuuyujf1dm9pudvuef8wwtfvnun4dddibllralvmughfcxbwzxznvgpmd0lztnqxuururep5
pokeguardian,CBMikgFBVV95cUxQOTR2S1dra254MUw5V0J1Z0lYa3JYQlVUcUxReDFpRDRkWlpxYnJHUjNWdXprZ2I4QjZNOEp5bG5jU0xuMHVIQ1FEZThITThXZzI0UDh5WTJCd1ZITUhTX3lTVWFPdW1tQnJjR0gxWmRXUnFNMlY4R2RPRjZlUmlLWl9HVWNpMTF2aFI3UTR5ZnRSQQ,https://news.google.com/rss/articles/cbmikgfbvv95cuxqotr2s1dra254muw5v0j1z0lya3jyqlvucuxredfprdrkwlpxynjhujnwdxprz2i4qjznoep5bg5ju0xumhviq1fezthitthxzzi0udh5wtjcd1zituhtx3ltvwfpdw1tqnjjr0gxwmrxunfnmly4r2rprjzlumllwl9hvwnpmtf2afi3utr5znrsqq
pokeguardian,CBMitwFBVV95cUxNaWR6bnlpZU9ENGpHSTJEbU1wYXA3S1FXeGMteWxKcHZhdEtrOWhuejJnWFpPOWZkWWRUbDhNTVIteFFISm44ZDAyM2htcDlpRWlDVkFNQTdyWTVfVHV2cDlGVk1SdFdHT3pzRjhOSnBuU3lvNXhVdTBRY3liaEVVTHN1S1EtMGEzY05FVFFuLTNzc252eC1pNF9VOE1LYTM3aU5OdkZjdlIwMHl2eHJnZDFRNG91ams,https://news.google.com/rss/articles/cbmitwfbvv95cuxnawr6bnlpzu9engphstjebu1wyxa3s1fxegmtewxkchzhdetrowhuejjnwfppowzkwwrubdhntviteffism44zdaym2htcdlprwldvkfnqtdywtvfvhv2cdlgvk1sdfdht3pzrjhosnbuu3lvnxhvdtbry3liaevvthn1s1etmgezy05fvffultnzc252ec1pnf9voe1lytm3au5odkzjdliwmhl2ehjnzdfrng91ams
pokeguardian,CBMiwgFBVV95cUxNZDFxckFGRmlDMXN0c2dlWFZNOGU0ZnlyenNXblNGMl9yQkdzMnpQY2Y5VmNuVmxvVmIwMmRYT0xJcWtIZHBvUmN6elY2SFlrRnZ5VzJ3ckpwcDNkaGI4Zk96Zm9oTnRQc2Y4bUJINUJ1X002am9BMHNVNFpIVVdud2tfWHFNX1ljNGZfNWVZeDVIa0l6X3FFb1laLTQyRnhlRG9XNC1nbzNuMDFtY3V2U0Y2eGdqLThxTHNJZ01xRkg2QQ,https://news.google.com/rss/articles/cbmiwgfbvv95cuxnzdfxckfgrmldmxn0c2dlwfznogu0znlyennxblngml9yqkdzmnpqy2y5vmnuvmxvvmiwmmryt0xjcwtizhbvumn6ely2sflrrnz5vzj3ckpwcdnkagi4zk96zm9otnrqc2y4bujinuj1x002am9bmhnvnfpivvdud2tfwhfnx1ljngzfnwvzedvia0l6x3ffb1laltqyrnhlrg9xnc1nbznumdfty3v2u0y2egdqlthxthnjz01xrkg2qq
tcgplayer,CBMifkFVX3lxTE8wa2l0SDdWN2sxbUU5bjhBMV9UZ1FLSGFvazQ0d3ZhTG5DM0FSNE1pWDFjUEFzcmo2WDZVUkFHSU1OdTNQLTBZdjhiOHFTalBIUXJZRmNFdFdzVWhhS0FDaHBrMXBXamRmWDRReDN6d3JyQVV4c3BHQ2xnS1p2UQ,https://news.google.com/rss/articles/cbmifkfvx3lxte8wa2l0sddwn2sxbuu5bjhbmv9uz1flsgfvazq0d3zhtg5dm0fsne1pwdfjuefzcmo2wdzvukfhsu1odtnqltbzdjhiohftalbiuxjzrmnfdfdzvwhhs0fdahbrmxbxamrmwdrredn6d3jyqvv4c3bhq2xns1p2uq
tcgplayer,CBMibkFVX3lxTE1kcThNQm1rM05DcVIyaHpTWUQ4YUJEdjBhSmFTUkZDVl9UaFplU0hGRy00MW9GVDQ2SFMwY3AwclI3QUpGamUzQk9Xd1V1cEpyRUg5ci1wUFlZMVBRSnRjV1pZbUlpN0tHODRabkx3,https://news.google.com/rss/articles/cbmibkfvx3lxte1kcthnqm1rm05dcviyahptwuq4yujedjbhsmftukzdvl9uafplu0hgry00mw9gvdq2sfmwy3awcli3qupgamuzqk9xd1v1cepyrug5ci1wuflzmvbrsnrjv1pzbulpn0thodrabkx3
tcgplayer,CBMiigFBVV95cUxQbE90ZmZFT3FDVVJhX3ZmZ0xhWUV1R2xVNVg2WjNLZjlWV292UkJQSlVnVjZaVllGeFU4V0pIR0pweWVYRzRYN3hYN0VtUl85UUhGMVhuVHprRmp0V2UzMG9SaWpoOU5FVi1QcFBjVzR1OHpDU2YyazRxcUFuRklZelZCenRpR1QydkE,https://news.google.com/rss/articles/cbmiigfbvv95cuxqbe90zmzft3fdvvjhx3zmz0xhwuv1r2xvnvg2wjnlzjlwv292ukjqslvnvjzavllgefu4v0pir0pwewvyrzryn3hyn0vtul85uuhgmvhuvhprrmp0v2uzmg9sawpoou5fvi1qcfbjvzr1ohpdu2yyazrxcufurklzelzcenrpr1qydke
pokeguardian,CBMioAFBVV95cUxQTEJFdlpPdy03Ui1yQ3FNY1d3bkw5YnJtdk5XYzJYb3J1Q1U3a1pOTG42dm5MWHI5eDQ2bVI1TEZyVmtzM1RCSmFMRlpmdHFENzZoc2JCeUJ6WXlfd3ZfRXRUakpNYUlqZUlKOUkyeHE2cVB5QXY1RXIwQndFTjh3eExQQXRlZE5tZzI0bW12M3ZkUkZPWjlvM1hRQk9qZE9Q,https://news.google.com/rss/articles/cbmioafbvv95cuxqtejfdlppdy03ui1yq3fny1d3bkw5ynjtdk5xyzjyb3j1q1u3a1potg42dm5mwhi5edq2bvi1tezyvmtzm1rcsmfmrlpmdhfenzzoc2jceuj6wxlfd3zfrxruakpnyulqzulkoukyehe2cvb5qxy1rxiwqndftjh3eexqqxrlze5tzzi0bw12m3zkukzpwjlvm1hrqk9qze9q
pokeguardian,CBMigwFBVV95cUxNQUc0SHhrTVc4ZmZDVjlaZDNROU5BbzBOcE5iaDdiaGtlTjVBeVBFOGRBdTdCbENQVzk4a2JTMmpQZkZPV0VSWUZscnczSDU5cVFlRE9OSjJHR0tmUTFNaUk3REVjZGs5UDFfMzg3dkt4eHpnQlc4aktzVlVGM3dqYVFkRQ,https://news.google.com/rss/articles/cbmigwfbvv95cuxnquc0shhrtvc4zmzdvjlazdnrou5bbzboce5iaddiagtltjvbevbfogrbdtdcbenqvzk4a2jtmmpqzkzpv0vswuzscnczsdu5cvflre9osjjhr0tmutfnauk3revjzgs5udffmzg3dkt4ehpnqlc4aktzvlvgm3dqyvfkrq
pokeguardian,CBMimwFBVV95cUxNZGZkN2RZUXZ4OC00OEhkS1gwdG04TThva3AtRXh1MzNpdjhzam9wLWNhVzNqZDdnTUQ5SkM1T3JDR1lFWWxNWkxOTlRkTklpdVZONkNLdWhlYWhZVzMzSzQ3aVpIb2V5bWFJMjBfTmZSbER1TEJFM2pFQXhMQ3BJcDFjVW1wcnUwYVNuWFdPeVA4SVpPY2dHX1FJZw,https://news.google.com/rss/articles/cbmimwfbvv95cuxnzgzkn2rzuxz4oc00oehks1gwdg04tthva3atrxh1mznpdjhzam9wlwnhvznqzddntuq5skm1t3jdr1lfwwxnwkxotlrktklpdvzonknldwhlywhzvzmzszq3avpib2v5bwfjmjbftmzsber1tejfm2pfqxhmq3bjcdfjvw1wcnuwyvnuwfdpeva4svppy2dhx1fjzw
pokeguardian,CBMinAFBVV95cUxQSmlhR1I0LTlYdTA5enZLVUlPOXluMmZoOEFaeEUwV2psbmdQSmpKU1Ywcm9NRkJ0RlR0czlDWURlNFNYYnNMWEstYmZVdERDSnk3RDllOFZYZjRLYlM4UlpwQkVYRnlkVlFleFZZU2ZiQjdOUUdSSlRzcW05Wjc2cVZncHdvekIxMk0weVdGdGNQRmxORzNnM0xybEg,https://news.google.com/rss/articles/cbminafbvv95cuxqsmlhr1i0ltlydta5enzlvulpoxlummzooefaeeuwv2psbmdqsmpku1ywcm9nrkj0rlr0czldwurlnfnyynnmwestymzvderdsnk3rdllofzyzjrlylm4ulpwqkvyrnlkvlflefzzu2ziqjdouudsslrzcw05wjc2cvznchdvekixmk0wevdgdgnqrmxorznnm0xybeg
pokeguardian,CBMiugFBVV95cUxObFBCNG81TEtZMHJCcXhWRE9ZN01oVmxTdzRLTGZWS3htZDc2VloxTWFIM0dwMTRlXzRJb0lvUzZvWFhBRzFya3lQMXZEX04wZTR4dHBsWWVlek5KOEppdTN1R2pMQlJTSmg4d0hzc2NaMUhOZk8wN1ltU1BMWlpKNXQ4blk0TDZGQ1dFWkpzVFJ3VGJoUG5FNHRoSVdMd25Ld1JjUkVxYkJyeTZfZmZRSTRhNHRPQlh2Ymc,https://news.google.com/rss/articles/cbmiugfbvv95cuxobfbcng81tetzmhjccxhwre9zn01ovmxtdzrltgzws3htzdc2vloxtwfim0dwmtrlxzrjb0lvuzzvwfhbrzfya3lqmxzex04wztr4dhbswwvlek5koeppdtn1r2pmqljtsmg4d0hzc2namuhozk8wn1ltu1bmwlpknxq4blk0tdzgq1dfwkpzvfj3vgjoug5fnhrosvdmd25ld1jjukvxykjyetzfzmzrstrhnhrpqlh2ymc
pokeguardian,CBMirgFBVV95cUxPelMxZzNhOUc1MUF3aXI3R1d2RUxUX3dNWDNMSnFGNlJjTnhiV1hOb1JWZWdaVjhrcG1CODBDY1haTlpIdU9ZWkNWQnlpNXcyZmZCS0c0SjdZSXNuSkNNdjRYOGt1dklra0hrdHhhQlpOeVFvaTk3S1Y1cFJYOXJOYUhPNWNiTldtOW5LLUZ6eEdtbE9mMVVzVm5SV1EzS0ZlT3JMb1ZoVE5YeGJRS2c,https://news.google.com/rss/articles/cbmirgfbvv95cuxpelmxzznhouc1muf3axi3r1d2ruxux3dnwdnmsnfgnljjtnhiv1hob1jwzwdavjhrcg1codbdy1hatlpidu9zwknwqnlpnxcyzmzcs0c0sjdzsxnusknndjryogt1dklra0hrdhhhqlpoevfvatk3s1y1cfjyoxjoyuhpnwnitldtow5lluz6eedtbe9mmvvzvm5sv1ezs0zlt3jmb1zove5yegjrs2c
